artist_name,artist_id,danceability,energy,valence,tempo,loudness,key,acousticness,instrumentalness,liveness,speechiness,distance,action
John Coltrane,175553,0.001201011831781451,0.2572016711652602,0.07886769997341603,0.15517660120800125,0.3166970553243327,0.0,0.0980291897304699,0.21434828269144934,0.40642278707065405,0.02243648707733678,0.646520567907105,1
Thelonious Monk,490416,0.752348337484359,0.11599929577847018,0.09614788129811286,0.007404798984701012,0.04887825906463417,1.504765464302792,0.6271272688219457,1.0538494955579194,0.7388653150880651,0.08925568832221059,2.216589089740382,0
Oscar Peterson,489316,0.831467941211558,0.7405623460373365,0.12259286598060865,0.5745523659380829,1.2337842184221541,0.0,1.0479174321426716,2.0239482112061618,0.9279738042252446,0.12803509874939484,3.02971287902435,0
Nat King Cole,317093,0.22000923522961313,0.12403763340238655,0.08531419003028701,0.29266628472413253,0.22363994171163787,0.0,0.512082581619969,0.4590528551616674,0.4035216769873444,0.06035339025244847,0.9198731741899064,0
Charles Mingus,9680,0.17046845660823606,0.028413934323119228,0.0023597452781496386,0.1797175221942504,0.24678856496098525,1.504765464302792,0.1385148297844512,0.1206460827128919,0.00342333359336211,0.15274917984676067,1.5634834080981996,0
Bill Evans Trio,781423,0.07685702148348655,0.6310972134082793,0.744900667596198,0.5607600825802275,1.2310438822395677,0.0,0.8108312327541719,1.7573909757978994,0.14825296754499434,0.24255197607286783,2.5720943494808686,0
Sonny Rollins,39656,0.6236009257917315,0.3968331714290591,0.9064046697532646,0.006857631303145248,0.2726605228523846,0.0,0.012377929578537658,0.09146941970829858,0.0392983679290288,0.25352071055187997,1.2315242076620092,0
Chet Baker,94210,0.3130952932898563,0.6403567346852121,0.15494670456540977,0.029824272167137594,0.3048055607195759,0.0,0.9453077108872275,0.8637700408863878,0.643715134990064,0.15941733389290508,1.644803399134694,1
Stan Getz,742899,0.3535385798125218,0.38067838811751203,0.5637929213235906,0.013096764302434595,0.5168217648143122,1.504765464302792,0.8538554523944428,0.39092511833300936,0.5454588340135894,0.12402648566401316,2.077056300533663,0
Bill Evans,74005,0.20661545015752342,0.4409862105794237,0.3254937433242309,0.5423459476225578,0.8005996510190566,0.0,0.8589355979051572,1.5483838428701375,0.8209675791948905,0.20400523350999933,2.2647456092950558,0
Bill Evans,764702,0.20661545015752342,0.4409862105794237,0.3254937433242309,0.5423459476225578,0.8005996510190566,0.0,0.8589355979051572,1.5483838428701375,0.8209675791948905,0.20400523350999933,2.2647456092950558,1
Dizzy Gillespie,162677,0.5606164540306864,0.5431208555523719,0.8684266398401287,0.3050564860477855,0.4658887546041741,1.504765464302792,0.23575074510242913,0.3206652515030227,0.1517085128198286,0.6006398106121634,2.116614057226024,0
The Dave Brubeck Quartet,142767,0.9482095972398736,0.1990456864210121,0.6119599407282963,0.2273371277621843,0.46461116806230895,1.504765464302792,0.49978394950399657,0.5982458123417986,0.15321304209290426,0.16557630825461678,2.1221810013831237,0
Charlie Parker,211758,0.2798672160971455,0.6509547331696577,1.0671238669377923,0.19897301885173715,0.8686343714571798,1.504765464302792,0.5452053761750344,0.0827295546813086,0.12161497518733205,0.41659636777307935,2.278528455823157,0
Wes Montgomery,248392,0.8042622016949403,0.007633771442970783,0.8891386885090309,0.2577208907105764,0.6486291112968515,0.0,0.6701967293710897,0.8593059039451194,0.3004054422104247,0.17332252974719908,1.7979037165871385,0
Erroll Garner,206967,0.3304417198706803,0.2282217069081346,0.18191204970397973,0.06341508459567838,0.2540233316561732,1.504765464302792,0.989105991678292,2.1807505252610055,2.2115274949655377,0.38275101898618713,3.646723600689336,0
Stan Kenton,743929,0.5021640220236179,0.20877051326758667,0.29126273832188737,0.2526626745664011,0.6975196943933916,2.407624742884467,0.5235635797210001,0.7840283399129689,0.723563465102921,0.07608811195285621,2.8540794693393097,0
Miles Davis Quintet,424302,0.44462033848361543,0.602870503421713,0.2493070387976425,0.1290487351509448,0.950661145300118,1.504765464302792,0.26644645002826706,0.5735114709715009,0.23611052783747066,0.09259155960765576,2.0669431237951126,0
Herbie Hancock,957296,0.840750196418385,1.2456643363246451,0.9121723064139358,0.12991124736998383,0.5914492204014864,1.504765464302792,0.4683384085100784,0.646660231539302,0.7332683582049172,0.1705680527654465,2.6317092029575164,1
Dave Brubeck,958533,0.8064726214031929,0.3506925162686672,0.21138112381945018,0.026991624370297927,0.7586459800182866,1.504765464302792,0.6306782554704052,0.7143878937304008,0.6391917292600839,0.17397132436220047,2.237318461009965,0
Quincy Jones,378624,0.8443932788355395,0.6935373210849913,0.7292601744665217,0.08914199503288887,0.3441115855062604,2.708577835745025,0.10989350758389863,0.1187785007006158,0.25059654925449004,1.4250919124818093,3.3628020909276986,1
Ahmad Jamal,127369,1.1172969599407587,0.6777738990395861,0.03368127959008649,0.536691105987283,1.0411772136684416,0.0,0.7111986830751597,2.18460608253344,0.24606257785992142,0.17098808781040953,2.906723712027223,0
Bud Powell,640675,0.24204028257377708,0.3000056573717938,0.5072082178846481,0.3808339443679281,0.6221374776341291,1.504765464302792,0.7892707361850556,1.516268903452008,0.6093018525814116,0.22851105581730846,2.5588554939102988,0
Gerry Mulligan,542549,0.7820510894848849,0.37484332352751754,0.7268004316247493,0.12109532389760996,0.3392993012450185,0.0,0.29082963955260166,0.12680551372086657,0.07473161570298043,0.17901448070775045,1.2443596347936354,0
Louis Prima,272567,1.365355785456526,0.9676766697955339,1.9157056384732547,0.4260918540679184,0.9787093313568479,1.504765464302792,0.2091318298816466,0.6554935026972714,0.6888400105187424,1.9685959604601078,3.833737921056955,0
Cannonball Adderley,548338,0.2692156556127249,0.1996681256477181,0.473951826663107,0.10461932305435309,0.7933241330489942,1.504765464302792,0.42860970716622876,0.22511331315745986,0.3363530378014307,0.23976992785148643,1.9096092579883066,1
Art Pepper,505047,1.296118762150419,0.10510398013262467,1.2257516332023835,0.5257859953179682,0.15770580866761327,1.504765464302792,0.10183939590988622,0.1561596797295446,0.6563718494809618,0.2810514460399551,2.5107070566474907,0
Clifford Brown,789775,0.3227509985196047,0.4879147607783448,0.7377316578296311,0.4294630020238375,0.5107340576270145,0.0,0.44530964824141034,0.10247112084642218,1.009218656881803,0.2678424595162354,1.6219826329109555,1
Donald Byrd,149946,0.9050927871660148,1.276825177307528,1.213148459460528,0.24433785556404752,1.0110887521997398,0.0,0.22790150698609563,0.21584787691202456,0.3973124650900959,0.09383771923796434,2.29529916117398,1
Cal Tjader,643549,1.2100865296602246,0.27127299686246037,1.4052952651316242,0.1264630180118985,0.6413367013967475,2.407624742884467,0.6559572119156761,0.8414635813603901,0.6399278395004421,0.13660055201741583,3.362026764546212,0
Lester Young,259529,0.809685005801977,0.1829263272653106,1.143869251882336,0.5889913280752217,0.000744226650616471,0.0,1.0276173662812402,1.3600212741212636,0.7882552231187323,0.1117978769947736,2.425675253052234,0
The Modern Jazz Quartet,567325,0.5890195311127306,0.46552273978484676,0.03872650847863329,0.12567406946007825,0.46496486444202545,0.0,0.5987983886836806,0.1820853141797626,0.9503788689404141,0.1615671266900674,1.4553968433158377,0
George Benson,201760,1.5579542278504834,0.910630949566217,1.2206363473853346,0.2459442860193551,0.4184261793878795,0.0,0.5299760970941239,0.22491556981569805,0.7746653409740211,0.11551663676457359,2.4345234472640476,0
Kenny G,68934,0.15372906701628353,0.5092277025331579,0.6376771766174121,0.2657352999290135,0.7452452394784205,2.106671650023909,1.461841934908134,0.2370090994968444,0.8987703655678367,0.2642604900461402,2.97059350143744,0
Sonny Stitt,44290,0.7328537902313642,0.3979794717862591,0.8391169115224688,0.549007655424661,0.5864459422397498,2.106671650023909,0.16908424758228577,0.39365648270481046,0.6736689300550646,0.13182458088063936,2.671654108510951,0
Ben Webster,793227,0.7398388975552601,0.5934385992524973,0.07417882167766465,0.31070587464252264,0.23475530586392598,2.106671650023909,0.8584656666599848,0.3348288999230203,0.5705828676309743,0.016105405647633186,2.5825655817751905,0
Harry James,950571,0.03864596793654218,0.3665275539166281,0.2589353862985809,0.20446742861585426,0.3779421158321282,3.009530928605584,1.0351273840580042,0.6017814526245157,0.5835400529197095,0.027680032329467003,3.3495853282032426,0
Sun Ra,924232,0.17418615158642153,0.2670440276558279,0.22748059830364864,0.04879662424340762,0.3152050658932958,1.504765464302792,0.07227911442293056,0.17532809762890555,0.37833674513224147,0.01962221319314185,1.6428460468176123,0
Lee Morgan,226380,0.4560943236878705,0.7449773752300493,0.8312154355934493,0.5127618683826392,0.7240116664189395,2.407624742884467,0.28389118075972386,0.417407765722808,0.9092656538964525,0.09892541237330134,3.021436854109161,1
Pat Metheny Group,178654,0.15590280429486558,0.3376982308554077,0.0004855798535883249,0.10839477895433569,0.7482465010557711,2.106671650023909,0.19248428232186304,1.4673456466343202,0.23486041937925436,0.36093486703552385,2.7429219003153364,0
Dexter Gordon,208404,0.3712800459579153,0.28884455860936886,0.7043248011909293,0.10983126090756976,0.5795656677917683,1.504765464302792,0.3523799325859844,0.1151446248616187,0.5711255426939901,0.10254619831155946,1.9503235266695473,0
Kenny Burrell,68780,0.841376000561634,0.09380597092479614,0.4649908562921377,0.11056385953592274,0.6078944424124973,1.504765464302792,0.4000596189309335,0.9362807082302916,0.5769482435468394,0.07443495676849153,2.225778033738247,0
Paul Desmond,69348,0.5201286718843232,0.7620188463031536,0.23224578604080803,0.057358090869576335,1.312335505657243,1.504765464302792,0.8092975117511609,0.25110135891956475,0.9741087495197587,0.20082233641556163,2.569476603668251,0
Ornette Coleman,484396,0.6711914003901764,0.4269178252695914,0.3445535188168908,0.48728126004243855,0.648222344376029,0.0,0.8377151595413939,0.09669371539995808,0.39791748534305776,0.33286707861882947,1.545756859033766,0
Grant Green,738855,1.0814631309106923,0.6048525176718643,0.6420552042778878,0.26582350244621267,0.29967013281200583,2.407624742884467,0.6019302118352735,0.8118245080913743,0.8004782112515991,0.18203983801286594,3.0983944331968893,0
George Shearing,642664,0.9007369228905941,0.9308715674613526,0.2526009350897793,0.11882911413286665,1.3981252577502266,2.407624742884467,1.15658866265939,1.6040846502816264,0.9689635136421451,0.24598141547630542,3.797021155648156,0
Carl Perkins,102781,1.044602056172414,2.0009577172323447,1.9021162201039103,0.23061664368501222,1.2584325507789043,1.2038123714422335,0.5515589008788626,0.6488625467856318,0.9746227283154394,0.7594441640776265,3.748460594723645,0
Art Farmer,502199,0.5301890540985867,0.26178976469039433,0.6015166770481614,0.3688629875776371,0.0019649968319337685,2.106671650023909,0.8222841930988329,0.9299145381749208,0.8742202184527963,0.1587874056802786,2.7597015428602023,1
Max Roach,396372,0.11975846964090153,0.6833680986862437,0.6045297379651914,0.15766967179478536,0.3291451019708679,1.504765464302792,0.26469020263481446,0.2091170960586145,0.020853601750036643,0.12602103035349782,1.8369574343416029,0
Wynton Kelly,684253,0.7558491130701993,0.31306941211945677,0.005712190250394211,0.427718569392936,0.4878141033107325,1.504765464302792,0.3191836864117304,0.9016050020870755,0.4468971775616226,0.19293577162847725,2.122802145502099,0
"Grover Washington, Jr.",944206,1.3053543963382555,0.7449083888059798,1.0591856488336107,0.06319220465864482,0.36662406519919155,3.009530928605584,1.0610102649356026,0.4500185429573466,1.1515788969127798,0.01249833426929331,3.9026843777165903,0
Jim Hall,286483,0.372412262099989,1.1020715708807889,0.616149396224152,0.35896413105543973,1.7326129371626309,0.0,1.2174922424541854,2.4726447602563333,0.8900095068279947,0.02129103708456384,3.640401798915161,0
Mose Allison,927627,1.575840668327356,0.5478151303286467,0.9271963166960246,0.17274365676813902,0.7106603554455566,2.407624742884467,0.8687947722630466,0.2699017746110299,0.8204969021440642,0.035700136426016126,3.3877344410962658,0
Eric Dolphy,800100,0.1092593524884174,0.3921124170694618,0.24574960415033217,0.36919702904178875,0.30427955426267694,0.0,0.34903559131229644,0.636474231146574,0.5151234125818442,0.34497978859777373,1.168872786366909,0
Gil Evans,551815,0.8952013265508294,0.6102770601867922,0.7400719846043542,0.7397939622097756,0.9048371444860001,2.708577835745025,0.3530609598874731,0.9140431220755566,0.4563558071633321,0.21531482454491185,3.411553498233385,0
Sonny Clark,36934,0.5850747200077011,0.1971884186415141,0.8320911392041785,0.2691061446319206,0.003134602741581269,1.504765464302792,0.7526375530378062,0.7166104745427487,0.3624065003034499,0.13532458276075582,2.154057446397525,0
John Coltrane Quartet,216294,0.15063903482662244,0.27108136731052623,0.3185052568778776,0.5617421261095357,0.5304138352346607,1.504765464302792,0.30501627153472627,0.3791507776237365,0.6075768039043963,0.22389566228040603,1.9274086382737772,1
Freddie Hubbard,798326,0.014327453153589187,0.10833263814174349,0.018710551591898383,0.2717446939594868,0.07682194104803061,2.708577835745025,0.0948340116267195,0.933092815401598,0.49100906028674407,0.19266361222698708,2.930238362220306,1
Vince Guaraldi,201678,0.39457378462151793,0.1741399025114106,1.0473263535561115,0.03637292724606667,0.6169442397230673,2.708577835745025,0.3128636878694939,1.421938589860491,0.5285708233431134,0.3534111873720842,3.39489651804508,0
Milt Jackson,489845,0.5567414195670366,0.205816261007347,0.47514735190589075,0.23454649947804557,0.48484384005725223,0.0,0.6485395169553279,0.051835234487628834,0.7963942419998513,0.18584402954257223,1.4000871922251081,0
Weather Report,243527,0.11134143962427756,1.3824726730212469,0.35468120383195617,0.2313576837745024,0.3863482040794569,2.708577835745025,0.9138840773931459,0.014558057492950471,0.5425226960330625,0.010926613725687859,3.273905600296856,1
Artie Shaw,511029,0.20668305837941503,0.3793988527991184,0.1307847399515339,0.528187246406164,0.3470981163865424,3.009530928605584,1.0252294449556674,0.9595998081405795,0.34198871279553106,0.17251681711696504,3.4320761708745042,0
Yusef Lateef,596922,0.23353015680144001,0.0823707400626818,0.3285624372141561,0.21133657801979702,0.387215933161176,0.0,0.34040868691624926,0.8448462045461056,0.6899698471424606,0.27430780861933746,1.3209164332025785,0
Tal Farlow,790227,0.7959424493859006,0.5386734123448964,0.732283944077864,0.3508173160579164,1.3571544163797384,2.407624742884467,1.0254600502171018,2.378409060152121,0.9404382488694537,0.03259988199056893,4.10066041371362,0
Charlie Byrd,204968,1.1941744093125966,0.15792633828085617,1.2151790709667696,0.03989423506654776,1.1726847230313495,1.504765464302792,0.44903017203465534,1.0255690008947542,0.673334752068083,0.019759412087248157,2.876793967001975,0
Horace Silver,267354,0.9258109855828256,0.5043315283118424,0.7818651827573527,0.0031286392784169934,0.7481299469767634,1.504765464302792,0.5677038019937191,0.25084974225736145,0.7240144966211517,0.25966881274951137,2.3502456951582755,0
Jimmy Smith,781172,0.9369255724666331,0.6848639832000105,0.924674421850423,0.1375708064539005,0.27439717005138337,1.504765464302792,0.2297950298482592,1.5653371691704154,0.4664840648916346,0.11714191870475181,2.7008971560159365,0
Hot Lips Page,825032,1.2357644627604871,0.0014499758379993288,1.5412194587548693,1.3015133057475088,0.4523504004737037,1.504765464302792,0.7733188209266516,0.09559145313585715,0.08310286556110374,1.0236284956802815,3.118850959960475,0
Raymond Scott,873886,1.657760123250599,0.5214793201435171,2.1143442635872045,0.855613064129143,0.4142498337590891,0.3009530928605584,0.9515574709102527,2.204123271436665,0.014169867210806819,0.8311375945304019,3.865154832504627,0
Bob Brookmeyer,51233,0.715232722996586,0.17185472251914596,0.9141308940886388,0.13677702239494818,0.7866550232149792,1.504765464302792,0.7465716084686702,0.3073275789713546,0.9363967850532812,0.10264372801875138,2.4120063118729855,0
Clark Terry,133832,0.6112423200896322,0.23251132965273769,0.4256997506953566,0.05578805628949756,0.4553809137555539,1.504765464302792,0.08605108355420696,0.28495437606689455,0.9843739335998116,0.4067271608290819,2.0752650352065176,0
Hank Mobley,951384,0.759068846001691,0.4978276007150181,1.118266938566338,0.19892730483847984,0.45993662844769456,1.504765464302792,0.3614739779035401,0.43712561364321834,0.39562928091679694,0.04295686182534395,2.2516841952085693,0
Wayne Shorter,250435,0.17019854001102308,0.637216830229841,0.14416750024296499,0.5927240197867061,0.5882528497644965,1.504765464302792,0.14100969045659373,0.20449724619189324,0.5399961037995122,0.14113202381720058,1.9469710521964725,1
Billy May,769388,0.2901603592127935,0.12719771277838487,0.01889226891287138,0.2825902071412461,0.4627319867147226,1.504765464302792,0.6738848608119447,0.27905865690866666,0.4113339954198398,0.15636129647771296,1.8397460367480487,0
Alice Coltrane,6143,1.1133232968097664,0.3680814574242084,0.5101264037145286,0.9101378439048363,0.31530125386621366,2.708577835745025,0.0007834160375653904,0.43642945919425313,0.5952564718176324,0.20915398486093162,3.2385040190479044,0
Lee Konitz,227776,0.43814923262675226,0.34452948044239445,0.579523247019351,0.5778533246057632,0.16849634212512302,3.009530928605584,0.5926407900533883,0.47660517075710357,0.11753864856245166,0.6449281394729046,3.3277962126457834,0
Gabor Szabo,184187,0.31279302249710994,0.9164309870599738,0.3492239274133908,0.35506338203794724,0.42023032758761714,2.106671650023909,0.03961048155657515,1.4296480897915282,0.7383874906758994,0.1557754431655497,2.900916455350187,0
Roy Ayers,345168,1.6531691231381656,1.6536248618151121,1.7487134917797686,0.22100038588861035,0.960337788337929,0.3009530928605584,1.4593697619502957,0.21972098229773362,0.6889257885659068,0.03722570356720202,3.4987350170214464,1
"Harry ""Sweets"" Edison",670641,1.239926967693394,0.15455370860411372,0.2863745844975635,0.17671871931484415,0.23729342021903907,2.407624742884467,0.07891731747857877,0.04735254750753848,0.9639390837089126,0.052769043202841176,2.9099732040112305,0
Keith Jarrett,66570,0.564439609918572,0.4950370979834208,0.9304953727771581,0.5758461480508715,1.1348869743651977,0.0,0.8134185123282546,1.7138855448806658,0.2073153336411439,0.0028678885756894396,2.5867129490320777,1
Maynard Ferguson,397042,0.007061148288240893,1.6750090221128724,0.9181003123016409,0.6383706447122119,1.1806525527867677,1.504765464302792,1.162538043955713,1.5088422024128,0.056405014052221925,0.27551582685049447,3.379582798555949,0
Buck Clayton,634674,1.109201621839042,0.5560903783968298,0.9618092686824495,0.05244033600724165,0.32243813839152213,1.504765464302792,0.9274720312126397,0.05877536011566786,0.20331805527890529,0.17851906887815822,2.4026118000712566,0
Woody Herman,958076,0.5096594479433514,0.7469090165666779,0.7641595000726484,0.21103201274849043,0.7210033349648172,3.009530928605584,0.32146062126839653,0.25158225434993187,0.622415823398446,0.0028234761407202463,3.402537625668642,0
Earl Klugh,151240,1.6418466863625685,0.3969338528680602,0.9921239831752355,0.1260374768432477,0.5312678272622549,0.0,0.36898040208164584,2.1858234833423724,1.1057458790794201,0.22414456733094656,3.212871542177388,0
Pat Metheny,179698,0.5704795444909061,0.30654680662404105,0.7125253156762803,0.4099572223843361,0.9896400876112534,2.106671650023909,0.661588600086744,2.0731461325776914,0.8566938008061442,0.33875142424766663,3.4780654403815285,1
John Lewis,424292,0.812472569287589,1.0545350151084822,0.3685530460238465,0.6360606727808749,1.3480187416310638,0.0,1.1602478416096729,1.8632348555486584,0.9406573698766098,0.025222408063047277,3.135762501717588,0
Thelonious Monk Quartet,491786,0.6734713127801133,0.33051346944113674,0.42580734935310105,0.3822516301480576,0.9811596334103794,1.504765464302792,0.7570828307335284,0.10565850190019566,3.2662360866253115,0.032829458749410734,3.920578831942629,0
Bob James,65882,1.8057973214417187,0.7793374327886784,1.014355403141179,0.047863900681364195,0.0664029514178349,1.504765464302792,1.1331730928120338,1.5215663901653107,1.0500611073484947,0.2822763054664527,3.456842615943759,0
Kenny Drew,81841,0.37309158834329875,0.009896195627155824,0.03275548125105637,0.43705504595972033,0.21090908569721026,0.6019061857211168,0.8871211684037033,1.678636524685456,1.0018123299377926,0.1461872603450622,2.316886317994656,0
J.J. Johnson,119111,0.5861745819542413,0.21675691120222912,1.0039752242779674,0.1344869273201758,0.6895959161418086,0.6019061857211168,0.8357406980758881,1.4903031667515523,0.4863068442791203,0.05268739538239421,2.326629991921998,0
Zoot Sims,228087,0.7852181005663672,0.17372268944538044,1.0825279052741696,0.5964210654849593,0.8934479804717427,2.106671650023909,0.5558789599176267,0.33208411046969355,0.48318907980520365,0.2628283311381813,2.8517500274669256,0
George Duke,536122,1.7249571284798795,1.4065560606317786,1.4946489409641353,0.08680216646401237,0.674553067452799,2.106671650023909,1.6525507604182672,0.16769334566856364,0.7158974345117567,0.12589777696397186,3.9212088521744835,1
Ramsey Lewis,334770,0.4488092774826612,1.3519376570030799,0.7362197650284186,0.1726323739398191,0.5961079093857383,1.504765464302792,1.1845091178191287,0.8085551565532473,0.09365097250157534,0.16969362521582848,2.7046330877946443,0
McCoy Tyner,868092,0.4399718752547529,0.2466095588212206,0.11061605224441134,0.19785825526295125,0.3243304229586462,1.504765464302792,0.3389170244695035,1.1927604863814782,0.505916892555865,0.10626787153709323,2.116617996135486,0
Buddy DeFranco,638918,0.08223796304763092,0.13386925318652465,0.22097799554143377,0.15443810293012944,0.2852010188009054,0.0,0.6117883753734336,0.9513258961579152,0.16574154107868438,0.24424783825469865,1.243036332801314,0
Kai Winding,352164,0.9856914508952868,0.09075651557501274,1.088443406136061,0.6184213217024825,0.18503972033224456,2.106671650023909,0.9078414854501518,1.940976399577206,0.7405562972656521,0.0726905784427002,3.48777244041723,0
Billy Strayhorn,359199,0.2788653632695246,0.841429061636922,0.9546685577999587,1.1062313353521682,0.3900930394101422,2.106671650023909,1.0282932011209258,1.5284013748797003,0.37591878113774685,0.2118664654441773,3.3302772555710445,0
Lou Donaldson,808198,1.6049940185522247,0.10013877656187709,0.6615272138631844,0.24363483788867524,0.1609186041986341,1.504765464302792,0.2792653506745617,0.3185544034094548,1.1227847515140412,0.16409113866427888,2.61538930311522,0
Art Blakey,928942,0.7801297923750232,0.4434929820270218,0.7996722435690568,0.10067510960958735,0.42356363032388866,1.504765464302792,0.3108459956043115,0.20691896871691096,0.9849050621782727,0.1005373172880668,2.2401364625061375,0
Boney James,81849,1.3696609758336742,1.3133628385329825,0.7667019221366673,0.42810570770278544,1.226911357694294,1.504765464302792,1.4922322915638857,1.1173838074051574,0.8704183563300094,0.3073583524700238,3.531151527170854,0
Lalo Schifrin,781932,0.08232488052877207,1.0063164182428932,1.3491649536067833,0.362855352414641,0.405720812578652,0.0,0.42387771410554365,0.8521495606215198,0.5629888253409113,0.21971782005281842,2.0992934773980036,1
Chuck Mangione,21747,0.35009346032687216,0.6394681743046924,0.5472737928848919,0.19024608635439677,0.4246871545527511,3.009530928605584,0.9944162389622863,0.8156428463525569,0.08981970520197324,0.11096118224990535,3.4321042549238747,1
Johnny Griffin,213510,0.4971824310485007,0.04616389387880604,0.6590447903373393,1.2020221951463825,0.668953024495526,0.0,0.596121096189218,0.11004263977176665,3.272523395098501,0.005925773548176291,3.6949873135461933,0
Bunny Berigan,639789,1.3334652444749433,0.10250343286380348,1.4677604276423064,1.3936884374145433,0.4632667715423756,1.504765464302792,1.1032124575307023,1.2062572416241633,0.189479753772199,0.2234644530668049,3.335001206592972,0
Paul Weston,29609,1.8894113703802637,0.692844006718242,1.3641021483068503,0.970274180083493,0.6655401874326999,1.2038123714422335,0.9165895690676614,2.2886566200717473,0.41695418122734124,0.37816644767915336,3.890908503236758,0
Chick Corea,110541,0.6408769561827519,0.7252507456319089,0.1856110160841951,0.5731627117637149,0.4481716648596069,2.708577835745025,0.15889011139532064,1.1137134838213367,0.6856693982997036,0.13650549164160802,3.2544293906127018,1
Jimmy Giuffre,360956,0.6720549734512451,1.2088484114333082,0.11789824688656209,0.5525320398848008,1.3356707598329125,2.407624742884467,1.1621965713714233,1.535324878634989,0.9484326696386884,0.4326040482988064,3.821966960481372,0
Michel Legrand,401066,0.44000188893401393,0.07748815708443779,0.44471271496180487,0.2665582238456555,0.2758080119753551,0.0,0.48575447116411874,0.19510966873494084,0.5947924080182632,0.26223567384098073,1.1140330193189423,0
Paul Chambers,747984,0.565743570046994,0.2078220237145983,0.0694725237636874,0.9705783224546858,0.15601281503870487,0.0,0.42822713688093056,0.8366990073127989,0.14332075411078504,0.1587403640291593,1.5045356565911474,0
Stanley Turrentine,12644,0.46936012038113584,0.39812255811827,0.6018322557132315,0.1417560012837234,0.18249016121200295,1.504765464302792,0.09988739924026524,0.29018385798467927,0.7106091445853744,0.23197026931714937,1.9265717763630095,0
Ray Anthony,405113,1.3666257478651198,0.5937037277572903,1.114721518551672,1.6193921452032836,0.07226807543724284,2.106671650023909,0.8387210327878232,2.184415129219489,0.13441788040867358,0.3757481195351944,4.020304763845941,0
Gene Ammons,160198,0.6944790984566339,0.7614269162782255,0.07708364429368564,0.3454971279065104,0.5744054655300376,1.504765464302792,0.3998664101560617,0.13946645762623322,0.9890145036158817,0.17383650597460848,2.229205221591422,0
Joe Pass,209773,0.546967569894553,0.35658708614317075,0.19739749330643602,0.4379774809740947,0.834253818062353,0.0,0.9250424395163256,1.3623734060693211,0.43440728986481825,0.08445353161377663,2.0641473432478348,0
Les Brown,511773,0.43694855638370217,0.07922025450532211,0.3666364402687113,0.9801990176697184,0.7639829029881071,1.504765464302792,0.9303957753934191,0.17816427854997074,0.0429810458592601,0.2112698465577777,2.2548309003623026,0
Dave Grusin,684920,0.1769594826679341,0.54737506487247,0.24205830282856516,0.30458947640805706,0.11397055493155803,2.106671650023909,0.9009943424973809,0.7608257480860305,0.028534189263277054,0.20080119609651642,2.5229224649474564,0
David Sanborn,188432,1.284365868291949,1.0762797001647133,0.8395860738656116,0.6989373178680751,0.2660280062430357,3.009530928605584,1.3235022229157947,1.2047348409832137,0.26631199451063076,0.2070729780430493,4.055401904188368,0
Bobby Timmons,765435,0.9220065280106042,0.11224758685508529,0.5776876947264995,0.16449446355349112,0.04828581673504441,1.504765464302792,0.8557744340774681,1.6824272054766714,0.6088369342062301,0.13331543526265338,2.727910241148865,0
Charlie Christian,805930,2.137201053734349,0.20994253664858598,1.877821854664724,0.0975766302217156,0.5053265979223777,1.504765464302792,0.7975537235810416,0.3497475605118202,1.0390022068494609,0.2750404539115603,3.5469286062357708,0
Paul Motian,18137,0.3965720003893265,0.8869747605342919,0.5263863913454947,0.4745844533817568,1.20054558475625,0.0,1.1086080287614275,1.9974888315549748,1.1672743470371298,0.26965022326921445,3.08898532734651,0
The Crusaders,136075,1.0763543001777656,0.9371467940895906,1.6900595263903502,0.11308777371095538,0.26695929273059693,1.504765464302792,1.2611034639440166,1.11479070515485,0.8941686496179626,0.20678955564805102,3.3040730718885185,0
Gigi Gryce,661974,0.3700955726271494,0.1383222981538765,0.666630303815331,0.07907920544565333,0.49460451145181406,1.504765464302792,0.3272109710069968,0.1390607426524091,0.19676307035467594,0.24669242303021144,1.8280272881389943,0
Barney Kessel,784527,0.7841207254183671,0.7539308976909085,0.02534693041244135,0.5149022612292162,2.2061210411722514,1.504765464302792,0.34007164963982084,0.9832020925759114,0.6927382551976373,0.03317109696416645,3.184907339391171,0
Marian McPartland,824866,0.1384268232544758,0.5885609365939914,0.06075889811258911,0.26673950298302396,1.4097219954433993,2.407624742884467,1.0545044869513338,2.4934613853257215,1.049695465433877,0.2009134529671442,4.086066170960183,0
Pharoah Sanders,330601,1.2024454152073545,1.2805249358102988,0.38986158335797244,0.07425939027907483,0.47119625668808285,1.504765464302792,1.0672673236151522,0.0261291442699505,0.04896029917427763,0.03309730126222181,2.6215845262677355,0
Roy Eldridge,346637,0.6737537322087382,0.43045250892313586,1.2608424946535874,0.21060415031586793,0.5603810722642363,2.407624742884467,0.5210494750397906,0.13992038035589272,0.7457503410754569,0.40569755623168213,3.0652568495778927,0
Al Hirt,507975,0.271746003243841,0.888187117659534,0.6105385094757109,0.1001803550760276,0.8904134997666284,1.504765464302792,0.1704588355812222,2.07610145253768,0.66907158409514,0.31726582516799057,3.031540659268199,0
Herb Ellis,674310,1.1707692465857038,0.12837132976348675,0.8495518758312517,0.17037405426709623,0.21540386886965737,0.0,0.7395095260385592,1.214071403130369,0.8042499398659116,0.14395073894489235,2.207425616842784,0
Booker Little,97529,0.3422953247675902,0.15558531239128096,1.2786992024433077,0.4886627429265317,0.2682393026174833,3.009530928605584,0.5805071982796032,1.1560238518236767,0.08330518638467616,0.047007275894518544,3.5814792656737344,1
"Lambert, Hendricks & Ross",106987,1.0184922720053213,0.29477974660864575,1.0172894361329277,0.7513097196867591,0.4257321285666551,1.504765464302792,0.06725034776446359,0.5985198137506745,0.9018690380412187,0.977587598840741,2.7020226680529786,0
Jean-Luc Ponty,228299,0.3489600911363403,1.9554547290711957,0.7945247890261838,0.5636206131131704,0.36104803647114203,0.0,1.488857940858843,1.7200454660392681,0.4087885054075304,0.11495830139711706,3.2218702161492683,1
Mahavishnu Orchestra,233862,0.7741825663406379,2.391862584817224,0.193171279644336,0.09230340217776081,0.8547420350065765,2.708577835745025,2.096986276355685,1.756260147843551,0.25992561350974164,0.49578670607349545,4.714694592792716,1
Nat Adderley,377060,1.3049617144996364,0.6016737335689231,1.1849736981596222,0.4781262390511374,0.3949339629868279,1.504765464302792,0.0666097801560937,0.4319824739208989,0.789786894884938,0.1442622832937131,2.636971051747653,1
Cab Calloway,532957,1.28022280169088,0.4687168911677547,1.5936346688981566,0.1981134344026939,0.7733979439055044,2.106671650023909,0.9690130054982077,0.6029789843127905,0.18237402387018026,0.9812886291665013,3.43111551483676,0
Steve Lacy,753004,1.3078299913772997,1.3759623280826483,1.0437191440021327,0.7266259996136212,1.4547899833812605,2.708577835745025,1.4168770720639465,0.6218606208464733,0.7191791804307556,0.6946063614414861,4.250621408403171,1
StÃ©phane Grappelli,749504,1.7953907837545955,0.4015287446975658,1.3280050373850734,1.144249651141042,0.6405454661418328,2.106671650023909,0.7328654194882185,1.1761284898580207,0.2838250885434813,2.190471887317915,4.254998906654309,0
Kenny Dorham,768027,0.2839320647095426,0.2780684037713119,0.6464141545780115,0.14904893850253365,0.312910417887747,1.504765464302792,0.4875548948388197,0.8629112681546,0.6811775147638934,0.16338716604007192,2.1055313193754115,1
Red Garland,882950,0.5948286494773489,0.5403129734144154,0.06873482851755047,1.000183054878882,0.3701349297849418,0.0,0.7771483133927657,1.1390458702260255,0.9075303211764227,0.13388185369327432,2.128560628155839,1
Idris Muhammad,90389,1.5782631456937857,1.787980770573719,1.363379250141557,0.6497373671176263,1.4001724755572016,2.708577835745025,1.6275311926144787,0.8221696776922889,1.200977933366897,0.13891932524714817,4.695965886774564,0
Benny Golson,135391,0.3141340350632897,0.29780163850968927,0.5003454213396921,0.32018906501690364,0.621924490150014,0.0,0.5311541786629503,0.9461306058504482,0.5602226411250641,0.18601819734754677,1.5661298539891801,0
Spyro Gyra,156886,1.2293760235941815,1.8562711223219293,1.4690173000044788,0.208744343697823,0.9849523327837724,2.708577835745025,1.1764777822581034,1.304894000608742,0.9384254023654539,0.1404752704938529,4.410492349866957,1
John McLaughlin,223701,0.9660313723498744,1.3719462042886303,0.3357943185832242,0.05427626834264384,0.24996632325976692,1.2038123714422335,1.1223061619314132,1.6983905932956196,0.2420015753331301,0.37147898310628424,2.9636914906553917,1
Curtis Fuller,139566,0.6389573972504158,0.48970688395376494,0.8043605728376729,0.055633093999950804,0.5660826336003384,0.9028592785816753,0.7617428019276464,0.1347244124872642,0.9194068079506503,0.19608502186218235,1.9788723462807607,1
Oliver Nelson,398615,0.8176102520464801,0.4645648871370459,0.8622330593995259,0.1145245644308931,0.6874257594446329,0.0,0.3129776414594318,0.9334041655674805,0.5220383001672245,0.024877430033181942,1.8318744966996297,0
Shelly Manne,19435,0.5440788048946648,0.9486964800665709,0.42834875864861816,0.9828750986928926,2.1918121062162075,1.504765464302792,0.6908133816656808,1.6183854615882547,1.1143638488590029,0.07072351616797455,3.709061272257257,0
Wardell Gray,235881,0.27087515909361515,0.3180309831313575,1.1035968588933633,0.26876587269677926,0.5979298144852745,2.407624742884467,0.5494970169587473,0.010507957274027646,0.8397342582557392,0.3833492189552718,2.9619288954844456,0
Diana Krall,255210,0.6443251820153655,0.42779719962242096,0.24338524811032064,0.43093455656642654,0.19145635907644526,1.504765464302792,0.2551616086060329,0.6325671143529837,1.1877796800103704,0.38587415470813063,2.2735542719272135,0
Norman Brown,388167,1.4815760398560633,1.4292613187306924,0.9825976747660041,0.882040715087286,1.0167848663709278,2.708577835745025,0.3324974659490629,0.9591340208824954,0.7108681101897809,0.3331121819649365,3.9997980799195068,0
Herbie Mann,678408,1.4299470044290932,0.762845057593863,1.5111029217363854,0.07296167690450489,0.3002209445999442,1.504765464302792,0.742821094461176,1.2901845658609625,0.8206034133657667,0.18015575593163624,3.192505854758632,0
Joe Sample,804559,1.7483260562287424,0.7378946903290782,1.3994318685439548,0.2613121231621231,0.12331914091356988,0.0,1.1896187884901483,1.4258686572364048,1.2108435158548805,0.3009575790473669,3.2631343119337815,1
Najee,855780,1.1872905379223337,0.882499507057239,1.2368558722494858,0.6268340068868752,0.12012338028279894,1.504765464302792,1.9955495864138413,0.9308454099015865,1.1770003714683044,0.3473241611550225,3.5699581969097203,0
Rahsaan Roland Kirk,864257,0.567742112798693,0.007021328460181497,0.538578642263405,0.10755457512965635,0.06936895654196167,1.504765464302792,0.0195598998406481,0.29403560217355584,0.9655899688009408,0.3561688087542326,2.0097776578835664,0
Kenny Clarke,81796,1.1126548815026105,0.02232606617319305,0.9655405210564205,0.7245113667320646,0.4176456359216656,1.504765464302792,0.7390483155156902,0.10000239071379691,0.7113996660561477,0.23875211919681444,2.500743186885022,0
Joe Henderson,139804,0.4251735136690338,0.6819081534326791,0.189888902261314,0.4128514250290894,0.8205206336641477,1.504765464302792,0.6826107102388312,0.7131362652706634,0.8479171324137735,0.22220264249441318,2.352170645588975,0
Lee Ritenour,228444,1.9033943201901267,1.273543914266008,1.5412194587548693,0.4408812884688138,0.4651142540120733,3.009530928605584,1.3379768616523455,0.5747269832588978,0.6513953534819309,0.27334706106111356,4.439334765447738,0
Scott LaFaro,258090,0.5030699567082548,0.6917034637253594,0.20899039315551465,0.5375188874658187,1.0812214127002833,0.0,0.7277203393793051,1.5847557981529738,0.9957301196595651,0.19985617054027166,2.5111003837747234,0
Return to Forever,463527,0.6295986192082477,1.6070626903210454,0.13961518578410098,0.9437371435581503,0.6254039227355962,3.3104840214661424,1.2472721254881842,1.0204604023754795,0.737057382268341,0.0971933274095096,4.288279252404712,1
Stanley Clarke,745316,1.306943090597057,1.6299373909248744,1.6694286591123848,0.4327717791055554,0.6016758841254195,0.6019061857211168,2.042807684063257,1.244837855279097,1.0009945494408234,0.0429629729763958,3.8457645471425757,1
Shirley Horn,30925,0.14534011459009283,0.5553809187279086,0.1009461705741897,0.8504964359410048,0.7534113498492533,0.6019061857211168,0.586592613619646,0.7363330509750953,0.11788745144913088,0.027556263755695164,1.7011642496778034,1
Bola Sete,66800,0.6960498258111067,0.19014917420793573,1.7111987341613852,0.20075004842467128,0.4165311807696458,2.407624742884467,0.6907920276184722,0.8332884959979975,0.8250705142030191,0.29655580932266556,3.3763218048252774,0
Lennie Tristano,242966,0.12334997465166403,0.6522610753772677,0.9009839329561615,1.0041499825256768,1.2992133568641413,0.0,1.2741379305452791,2.6322942692051665,0.8656412872500957,0.025541271581150896,3.6402049514684043,0
Ray Brown,343940,0.38531952095673205,1.1240227430302352,0.2071387964774552,0.3481922752736501,2.6833767755801183,2.407624742884467,0.24495518884547585,1.19123140383418,1.0259821519719852,0.2429072222576979,4.142932418074333,0
Archie Shepp,503279,0.8198360227879338,0.5557897989078394,0.15738876660129003,0.15508749444545597,0.03550619834843693,3.009530928605584,0.6919854444371834,0.16377445444776673,0.4576024584739438,0.30074208991289714,3.3005917048099587,0
Al Di Meola,600228,0.012274433164674359,1.2571811146451881,0.28325437267307485,0.028698789962767,0.11101954261654745,1.2038123714422335,0.5629670776817537,1.3542232102674698,0.2180146713671342,0.15393675059285827,2.3119862878678608,1
Wynton Marsalis,961688,0.10414398207767106,0.8170608052202712,0.49121565977204545,0.26496364782630466,0.4869323274061049,3.009530928605584,0.7110139490436457,1.3118650381627526,0.5149440390610511,0.27338006838278267,3.5847938753090807,1
Lyle Mays,171015,1.379748127702808,0.5528173194653205,1.4903564655902344,0.698998574976666,1.2944774687333944,0.0,0.8471445318130225,1.9106485853874662,0.26085625628047315,0.29838165781916387,3.334674598636586,0
Larry Carlton,102399,1.0926373063062227,0.4702371680190668,0.7533921717934742,0.43758958177486745,0.048144612209389495,2.106671650023909,0.9577451981179513,1.4836438938290277,1.0581366448422809,0.3655628737039574,3.3145454395163267,0
BÃ©la Fleck,151290,0.015092328708600333,0.7950390798710043,1.4506033296727054,0.6460438667227808,0.3680642803523394,2.106671650023909,0.3637572889956842,1.3351138374984801,0.23631956873447674,0.38344626900816614,3.137706275982812,0
Monica Zetterlund,589209,0.16137459575168245,0.5261678214584633,0.7664712934274323,0.1151064959351002,0.5642035189721829,2.106671650023909,0.8699808596778659,0.7383621808677209,0.9541632511034028,0.2463006698238367,2.81658482447017,0
Fourplay,741525,1.6416260496796702,0.8594271244252873,0.0785685281580708,0.17021767495892784,0.7261343760698468,1.2038123714422335,0.6714872002574962,1.3927626152292054,1.28550560016222,0.20508593017258736,3.087134779485793,1
Don Cherry,796166,0.095977817544187,0.7378052607008625,0.6595778263907638,0.051533637067391884,0.03533410510940353,2.407624742884467,0.542297009521772,0.19362997607146193,0.9978631505982645,0.13746060770307783,2.8522582755930843,1
Toots Thielemans,159791,1.0491214037885135,0.2963382753240931,0.23908852976943445,0.5528946202143018,0.5082477032527698,0.0,0.5990379798634692,1.2555625276074103,0.4473091607918825,0.6238108260689658,2.081862820024456,0
Ron Carter,275832,0.14684254533553487,0.334971102056663,0.07174763890763519,0.2894977208081545,1.0434158268839113,0.0,0.7684230327921908,1.6228781642197705,0.9222507682765098,0.26887911680830845,2.336341491827887,1
Hank Jones,558339,0.46645085865418295,1.050253290630678,0.22213995550393312,0.867974501077481,2.1377676663523233,0.0,1.0435021677217244,1.9858251819943984,0.8093940395461388,0.22878103012699813,3.5260803686466153,0
Paul Bley,745617,0.11365244990322032,0.8549812855532551,1.1650482987680038,0.4115629636282527,0.7601703641155559,1.504765464302792,1.038835155380291,1.857366584825571,0.7582027342584945,0.28271041037081396,3.2088308224952673,0
Billy Cobham,767741,0.11130263179931532,1.5854023267748287,0.8406577908242664,0.9369441106604247,0.0020538170734803185,3.009530928605584,1.7104124415831667,2.0772135574588675,0.7346186559660421,0.06116873149858364,4.57727782604261,1
Grady Tate,803162,0.2625019449183911,0.12800952797546583,0.05941166014827942,0.5707483711727478,0.35458877115950926,1.504765464302792,0.6786516983276324,1.223105495487717,0.6663635790121537,0.09516303959236193,2.283480033273938,0
Hiroshima,958117,2.0632631723332597,0.9469642055785639,1.4445114898236202,0.3301545214144071,0.023408495430247506,0.0,1.220492439965972,0.6677421290115375,0.976147310986839,0.31722521443745494,3.2154216350499922,0
James Morrison,785500,0.3535478042001847,1.5944414155812296,0.020986205102259625,1.3331128182948044,1.9184961335871233,0.0,1.5966282043059796,0.7390615933767394,0.1314717302956176,0.23302705432475013,3.360434076838109,1
Howard Roberts,828507,0.252275472097158,0.4289941572736739,0.1098126389832475,0.39094175875702764,0.28102719421344424,1.504765464302792,0.7807346518278034,0.9376390417608282,0.8479289216755483,0.25584820638384054,2.242548526071556,0
Brad Mehldau,934305,0.5466507569234957,0.0037028652259203376,1.3593167265211028,0.3641112885514296,0.6134512559446296,2.106671650023909,0.3334195718342762,1.9794689951540145,1.1288781878108944,0.2531151361957431,3.530077476187433,1
Stan Levey,6563,0.14531223491096268,0.6492716994387235,0.3516606644190971,0.9227227242894407,0.476754621446969,1.504765464302792,0.23363845087216434,0.2502554814741388,0.5869869844587994,0.2567820044765251,2.1064356992884754,0
Paul Gonsalves,16925,0.21250566913195923,0.5742417437536089,0.2703726662718626,0.3496625892357322,0.4513404541606917,1.504765464302792,0.43617374806890435,0.6878842059041064,4.680631267710708,2.1109929392500963,5.483277972695939,0
Bobby Hutcherson,81231,0.06837461189833449,0.1456141100578898,0.07057298735670342,0.006995876081151424,0.30028845751486677,1.8057185571633503,0.7396888869674815,1.32164190333941,1.1359872097720083,0.20763225495412724,2.6474810244940907,1
Jack DeJohnette,104388,0.7376119995798676,0.1636273630590998,0.41342374915273256,0.09727721473793785,1.3841217738773046,2.708577835745025,0.056200512320736466,1.6551966134576326,0.9634535292700808,0.32132808847481487,3.711838247585635,1
Duke Jordan,147245,0.8614539559149541,0.8362141451323815,0.1405092897993941,0.4638235643316464,1.2547734506309671,0.6019061857211168,0.9952763850571733,1.6792236062036046,1.2411906682818676,0.03205508353329088,2.994149035793336,0
Eddie Harris,169124,1.0851797760984914,0.43339289629111477,0.7087948202135045,1.4251486382845968,0.3649201462635767,3.009530928605584,0.22500979003270896,0.6519470574764566,0.7781335883529752,0.2360562133342991,3.7717642025048312,1
Frank Butler,189848,0.73381551008878,0.2686156432413311,0.4787009273721745,0.6738768197107508,0.8226857125361134,0.3009530928605584,0.0975363286354693,0.690500889445265,0.6240509765266559,0.04863573776504061,1.7144674182920085,0
Lonnie Liston Smith,228058,0.7223423939732891,0.9915120453897834,0.8385002634337047,0.8342333369079247,0.013412006592234172,0.6019061857211168,0.3415935636534458,1.1301792183687032,0.5941084560357246,0.025541271581150896,2.239192265807088,1
Ralph Burns,337015,0.21178859345891365,1.5136811975799733,1.5576547352920034,0.6747077053973978,0.6033428261996446,3.009530928605584,0.5616103769642623,0.9726678725987759,1.3877629182701128,1.2542770686977271,4.404485078050912,0
David Benoit,635760,0.9596925400817741,0.4995694958500152,0.15205840606704518,0.07944577768754237,0.2954830715661464,1.8057185571633503,0.7694944363670774,0.4369389058986729,1.31224347106795,0.3763995078363979,2.682282499725652,0
Buddy Collette,641450,0.427120719949841,0.830803757255915,0.5327349840007938,0.6848858248622526,1.109559404133736,0.3009530928605584,0.7108632292881931,1.520965051030379,0.08194517753477432,0.21621042794352324,2.4123350021593493,0
Harold Land,665944,0.4089828288607602,0.03812184321098694,0.4609330553711172,0.6800797222455444,0.5205221483245807,2.106671650023909,0.11034773076734586,0.022295013067226033,0.6335350200476937,0.043010156747306835,2.4430691500222435,0
Billy Taylor,768149,1.8237618164153178,0.6334812290489351,0.42628571189852565,1.156673994894357,0.23734185375974107,2.407624742884467,1.1912908572763357,2.412046847113243,0.7324914711027863,0.18483385982671496,4.348316816605828,0
Illinois Jacquet,770629,0.9976972495837966,0.7386483684875973,0.2610445353369339,0.37588402814516103,0.2795180650373382,1.504765464302792,0.22851389078809764,0.23116249271068334,0.9475920875052717,0.004815462673950832,2.257541221480502,0
Andrew Hill,34617,0.2240595502685373,0.7743568619379636,0.31184448632753,0.5445311281822766,0.6560558679183145,1.504765464302792,0.0912571702850325,0.18254045507789318,0.7869324174499338,0.01617950335413533,2.0974970951418745,0
Kirk Whalum,101795,1.6807389592174544,1.3592149333060346,0.7644405539925383,0.2989082297059027,1.123611772380082,3.3104840214661424,1.5274170622811714,0.41450461076416195,0.3125393990813872,0.24012062620297586,4.497557980875872,0
Chris Botti,105329,0.8053921289497775,0.5553399518345605,0.24057469292034778,0.01641475476205153,0.5087315692409429,2.106671650023909,0.6918922722247219,0.4125297001806559,1.0872699111721886,0.4035583868889644,2.775966268229232,1
Thad Jones,133119,0.014529176399841193,0.6811893092062635,0.7533921717934742,0.1810656141647882,1.2750735438016163,0.0,0.4749004695518223,0.3365529362783618,0.5552788132286776,0.2994500966497005,1.8512780155615278,1
Percy Heath,256575,1.209037315797438,0.06984434110651677,0.8599024658631382,0.7870954548159016,0.3511827323300598,1.504765464302792,0.7530243933638624,0.3404145195202758,0.7110093579760371,0.24173562222321526,2.5416820381574508,0
The Rippingtons,424117,1.1190776281629569,1.0953215038866444,0.6185825085846954,0.14593637163379197,0.06966139495334375,0.6019061857211168,1.2422002817668814,0.06264392800402396,0.3913379799196677,0.35640044625005696,2.2472876851734913,0
Charlie Watts,773407,0.7318598624606818,2.1411394401652117,1.3929385192876271,0.7644672558929584,1.5665378083725756,2.106671650023909,1.8077771576264974,0.7061265346494691,0.17887949828499689,0.20265267945047888,4.286797164364352,0
Paul Hardcastle,18513,2.3627115778096863,2.10211638432295,2.2864038614423046,0.7978982705248228,0.5411944703881225,3.3104840214661424,2.3135119643004898,1.2029053177255442,0.2526989417080989,0.17638727199964516,5.831986583427538,0
Azymuth,55939,1.297432480166537,1.3380449222787913,1.8354553602451869,0.8169515911555175,0.0551342660147873,1.504765464302792,1.7368066396635233,1.2844865648161556,1.2465317671090175,0.18495229890829024,4.00397455839504,0
Svend Asmussen,65094,0.9687276212814938,0.6214979003232226,0.10522033082929527,0.8919819002163821,0.1683666705295573,3.3104840214661424,1.1579812071213509,0.3709539165989072,0.8509020103488706,0.09928728489342889,3.9155417435196282,0
The Dirty Dozen Brass Band,128290,1.5779502393197407,2.852237103380348,1.8546446581684686,0.5890617048289584,1.58511527042854,0.9028592785816753,0.7514303575547233,0.6717189913561834,0.5141214515751374,0.7800410880985461,4.430380141816211,0
Don Byas,172350,1.5400889466732963,0.3856230304393657,1.074279875955016,0.5570692728666579,0.06748651547363968,2.106671650023909,1.0626643657285033,2.131171317157955,0.792829699464588,0.11243336564425836,3.83926676776165,0
Gato Barbieri,191680,0.7797757118452266,0.8572808562734779,0.8397440124482414,0.2528348230312382,0.9090091581174967,2.106671650023909,0.5231311487347582,0.6328313055412117,1.2814916867049067,0.37290572369717717,3.135579763610234,0
Cat Anderson,199369,0.07159744257195311,0.5777294295002992,0.14199981851558507,0.013683983436444835,0.74680030259943,1.504765464302792,0.38142421558337536,0.9732636651027097,5.835765277691549,2.592068434834506,6.711853709899674,0
Les McCann,245760,0.4197388779080454,0.8283062362240508,0.904774410966029,0.4507211981190126,0.14002006752392554,3.009530928605584,0.5961561481889555,0.09456309549504816,0.20663555742677947,0.25707809329797665,3.3814275152678945,0
Ronnie Laws,331473,0.18224531494398288,1.639595597608017,1.2960228741796034,1.2082161379330703,0.7268651134813644,3.3104840214661424,1.7265831397399356,0.07214032610838117,0.8676050830446843,0.29260804127319145,4.601438640847029,0
Roy Hargrove,345426,0.4954614632009352,0.3124352864626639,1.1374999241245585,0.32819595356062514,0.36491220426853765,2.407624742884467,0.2939801609474748,1.3087273965855253,1.1342715808511064,0.18139930411076877,3.2853011750366736,1
Ray Nance,408531,0.07159744257195311,0.5777294295002992,0.14199981851558507,0.013683983436444835,0.74680030259943,1.504765464302792,0.38142421558337536,0.9732636651027097,5.835765277691549,2.592068434834506,6.711853709899674,0
Alex Bugnon,515790,1.2664550589103554,1.2736568777245083,1.1446406350070493,0.7223256237758467,0.9246882242308636,0.6019061857211168,1.6217346142078035,0.5716994309542287,0.5543253591104101,0.27093477300831037,3.100476055411286,0
Tommy Flanagan,519715,0.37843564956646913,0.06561444900457869,0.4405000084332986,0.43954694213029116,0.11277508809417058,1.504765464302792,0.30397305560962834,1.2614740649355216,0.8442013590929918,0.28194905688062705,2.2994967997394067,0
Gerald Albright,647670,1.5934389499478319,1.7372507985153463,0.5913492115524296,0.8977291623425778,1.3979672685221842,0.0,0.854434040995381,0.7895721056923032,1.249639315517541,0.1632790306434092,3.407161890513935,0
Tony Williams,791318,0.09655147636165551,1.680374692492396,0.5391116783168295,0.08388629501307457,0.24143360153378654,3.3104840214661424,1.359315050906018,2.140541843860358,0.18413865494504933,0.06166337943429469,4.540442759998447,1
Horace Parlan,824879,1.0616598850500403,0.8151066870904223,0.6137367257962574,0.5445311392096613,0.3789232846251631,1.504765464302792,0.39160305495466574,1.2107693520580989,0.6120092264436272,0.15866013740663132,2.625195844161083,0
Wilbur Ware,255770,1.2152084569584707,0.11450166742183054,0.4307276825639702,0.2263772272165019,0.039116308086713195,0.0,0.5097241931415432,0.04652182508702918,0.7566612931369789,0.2590519773227136,1.6216573526990896,0
Roy Haynes,290464,0.5803625465491208,0.931804056585269,0.9234898984717821,0.09309216326408787,0.8391443832779963,2.106671650023909,0.8132667317885994,0.35418851260759776,1.154815932979051,0.20812571263658103,3.0614663801139272,0
Jan Hammer,809357,0.7926152420123272,1.256367496582859,1.2674758298382653,0.8060315769790469,0.16294825215849862,2.106671650023909,0.7914873447053301,0.7285556399538065,1.7206374537828408,0.6475538559231948,3.669422631091454,0
Paul Quinichette,28015,0.5875332430456979,0.14609950469743255,0.8695940314400123,0.0063204489162519625,0.3986174307386855,0.0,0.8992098959238759,0.7390904437868367,0.10233846396570995,0.25530159589921586,1.64686221273546,0
Jimmy McGriff,76658,1.9341905837658353,2.2416238141905636,2.396742324501174,0.028513055762958543,1.2100925013932489,2.708577835745025,1.197939795006903,2.257673427640393,0.8760537302803577,0.15137649807171227,5.534835959460548,0
Jaco Pastorius,113480,0.15083765172590952,0.6533853818515817,0.7803104924914108,0.5581436817499756,0.7149417746456748,2.708577835745025,0.01137963940178829,0.9871561485001832,0.6238239312710578,0.045230778495757754,3.2532165314119936,0
Joe Zawinul,176859,1.0543457716978861,0.646045842309543,0.4123576770458834,1.2932986668352509,0.1194708594890882,2.407624742884467,0.5680160799519115,0.2729237910968472,0.5276841523823625,0.26285170984394907,3.150758951397222,1
Johnny Smith,245992,0.7531763983738935,0.7839435710632991,0.23128335746418693,1.2176370401386232,1.6146413776478672,0.6019061857211168,0.5238167381770026,1.5846173269966537,1.045997783871486,0.18735057039661734,3.098699670145973,0
"Medeski, Martin & Wood",406583,0.6434646980915827,1.3697023775179806,1.409293035532308,1.5615251957782068,0.6815793001858427,0.0,0.6724480555134726,2.513560887590623,0.17709811558198824,0.37757560240929955,3.7580914519509774,0
Melody Gardot,546205,0.14387809216971148,0.17158643900016973,1.1479474307716784,0.7578365515761476,0.3214730894894078,0.6019061857211168,0.800543051898173,0.4657259964637116,0.7549078977918247,0.22821001056811452,1.9717033201389647,0
John Scofield,677991,1.2576350986915807,0.4611267050652773,0.8368789436610848,0.13538906643745383,0.20763582091683427,1.2038123714422335,0.5460955893525912,2.2369501474331557,1.3879494974187778,0.20666997960814038,3.358055977447734,1
Yellowjackets,684612,1.4996462022555028,1.54811091763714,2.4180637666381535,0.3837877445002321,0.11422585921432155,0.0,2.1015280777270013,2.2810997443963994,1.0870271339527726,0.25885459069673733,4.639119431417066,0
The Lounge Lizards,757665,0.15893656083591134,0.7593573718471724,0.8109600655633186,0.8061081566353184,0.002592714677441592,1.8057185571633503,1.0186442042417283,1.275029540944192,0.7978794656284386,0.4184350425807966,2.9402403198006914,1
Laurindo Almeida,761478,0.9392560468919317,0.08596573921696232,1.0728140268080992,0.2665391023647755,0.0062265407903419265,2.106671650023909,0.4301333507193146,0.6300192609345031,1.1469931071484993,0.3114833261350244,2.9230503397697873,0
Kim Waters,773063,1.5598800769203014,1.7493235568692742,0.9908597335940839,1.182651908953007,1.6970252005218935,2.106671650023909,0.8742276592684924,0.39179432838992406,0.0001135226277989565,0.40630387479387914,4.034184791276709,0
Fats Navarro,792175,1.1016723875059424,0.7647230422266961,1.8263937473369702,0.14097857083269597,1.0496382286867396,2.106671650023909,0.9360236429908287,0.8406943656355361,0.05850144389732237,1.246726954752994,3.719480623135589,0
Richard Elliot,852970,1.5448216082541024,2.1101648898922356,1.4266167072686036,1.0489043069643784,1.8262345257494481,1.504765464302792,1.6133175221654512,0.8728177024872106,1.470129586191059,0.23664837321222798,4.5995700240268285,0
Cecil Taylor,988386,0.21486801588179516,0.2736300607408,0.05655611138503708,0.3208765285695685,1.1261598346022483,1.504765464302792,0.7496177233314295,0.6555629563203796,0.7583067788636473,0.11851129619463853,2.310956665402883,1
Terence Blanchard,20971,0.7393471912266926,0.6702489165635603,0.14089003212199475,0.19940400754723958,0.9359215983754409,0.3009530928605584,0.4441763002498812,0.5413692453004234,0.2503127912404368,0.11953935523930129,1.6091367988723233,1
Tex Beneke,30664,0.2071851249344252,0.41208345295338916,1.1833238236456203,2.781210781696359,0.17133735077947648,0.9028592785816753,0.5704868500610761,0.03730119077137761,0.6029640367354941,0.09389412303037502,3.3002828450873984,0
Jackie McLean,127949,0.5180798940811531,0.790593240998972,0.6845543713711228,0.0196419181874887,0.5311797480829515,1.8057185571633503,0.048330650407189056,0.21097638515475925,2.6548287825973267,0.04085297372096565,3.464368353880135,0
Jeff Lorber,190888,1.830932512911894,2.466981970130554,0.8817777111381834,0.7314515710737535,1.5444981151915704,1.8057185571633503,2.082791400235464,1.2481999714275291,0.5792412355398677,0.25352509850045507,4.763693918176709,0
John Klemmer,192260,0.47013865181601666,0.6227244067212554,1.0691018091515956,1.1673167316083528,0.3201284880455101,1.504765464302792,1.0512940658398022,0.02768372185797663,1.0917596776906453,0.3088503082804251,2.806160674013595,1
Jonathan Butler,218709,1.201549987031426,0.42802722591159087,1.0256974455627956,0.8280723367717012,0.2881303949578141,3.3104840214661424,1.934325538330652,0.4178168108376604,0.866134542582327,0.23068442273495243,4.3733971723938065,0
Big John Patton,226908,1.2986617416855357,0.7982584820987186,0.40128378374130313,0.4350591669579803,0.7358994700095005,1.504765464302792,0.09991558689005445,0.0346261468691067,0.3551925500281046,0.3738193585443858,2.3993740777326527,0
Esperanza Spalding,394325,0.184949695448683,0.5836316669177753,0.2314737259603068,0.689941350325152,0.9540651968436804,0.6019061857211168,0.3788648584630315,0.7299561588747475,0.7143641021493699,0.49082731158029685,1.898569202452769,0
Bud Shank,636382,0.28083218858379333,1.2170719827300664,0.490409384107275,0.2218604831109299,0.9741263379490741,1.504765464302792,1.1316263195512266,0.687183449084911,1.0202633986134009,0.21799515052524027,2.811468317467298,0
Gary Burton,738182,0.14818051178862612,0.277021931711523,0.24662717871760878,0.033347382964620864,0.19429193486290536,0.0,0.7253218102117054,0.19566328305656755,0.7459945069805682,0.11851129619463853,1.1546919781417313,0
Dave Koz,961133,1.4658414803661084,2.048459680527714,1.1140291367004367,1.1803132895366029,1.3345361530301143,1.504765464302792,1.7278240151214506,0.18768391916459848,1.137351384678995,0.33042204971896705,4.177048302019235,0
Tadd Dameron,16759,0.4871434490694211,0.3144538677564516,0.018513131028791485,0.3501350905118396,1.1376741197086429,2.106671650023909,0.7659522626830262,0.17079467645481905,0.6716353115321717,0.2609271769169495,2.706755587374132,0
Steps Ahead,23147,0.45795472435044604,0.47327771099034954,1.1516786831456498,0.13319507499928665,0.6516151274843859,3.009530928605584,0.09975928648727553,1.4473631389993469,1.0723795782850432,0.3127416725374886,3.8226057876964306,0
Ike Quebec,82037,0.24190553079131294,0.8239625275220226,0.5162997074636588,0.6283612993332205,0.6057852339148725,1.504765464302792,1.0183369112006042,1.2947917402882945,0.4282106829608022,0.2795803996039374,2.646725524016275,0
Joe Lovano,119629,0.44268511874386807,0.1532537300815741,0.11801319611148309,0.4202141049271535,0.5051727095564605,0.0,0.8325715591495748,2.2630795007379327,1.1698141657735939,0.14634309469688156,2.8053072927280205,0
Eliane Elias,171220,0.035389389083432365,0.4233258094280415,0.9246053243868175,0.500020946679132,0.4747518256749512,1.504765464302792,0.8543509462328446,0.24896649344524868,0.447632860514074,0.41577852166561174,2.22266243780019,0
Tuck & Patti,203711,0.6606743765672394,1.0539709329128237,0.654889081354026,1.0429173575164383,0.5728452745442444,0.0,1.024742610344832,0.7386216471480617,1.0141130456252276,0.011329292391064907,2.4528078539903024,0
Junior Mance,252026,2.395983625730903,0.807686662492691,0.08454050418982267,0.6271850470608155,1.3128749536965045,0.0,1.1028921737265174,2.2907105422155984,1.2008896498588286,0.008368457471472288,4.052551791278123,0
Pepper Adams,255377,0.6664109389274043,0.28381837956042827,0.4964687940428703,0.5144300632061216,0.351956303615811,2.106671650023909,0.7313614734678799,0.3820543866925229,0.1321191394510895,0.1143661415191881,2.511793161618966,0
Howard McGhee,276917,0.5430749041153049,0.42087300052744986,1.194746024028951,0.1661432171020029,0.8547916790283708,1.8057185571633503,0.8159167359937931,1.5807129420720023,0.5526092834794241,0.32932232676923817,3.0816518504204993,1
Sam Rivers,290775,0.33461869814318645,0.4745297043226858,0.07032620765504932,0.034347616161004964,0.09143281240292292,1.504765464302792,0.2154012374729459,0.6733779133630894,0.5285586067934325,0.0024468053972611786,1.8425982753642145,1
Ronnie Foster,332536,1.013472785318201,1.2775917008809354,1.1965228090969122,0.8505998104821232,0.32985273301398166,1.504765464302792,0.5472165884323708,2.3952279554347067,1.0335352231784993,0.31629466733501005,3.793741789624557,0
Pieces of a Dream,338287,2.72296751676838,0.921668900827761,1.5216748016858508,0.22641321507858772,0.03835236346161552,0.0,1.6259111330015872,0.5309616679916709,1.2225777448896193,0.22450898024235433,3.886240038876092,0
Jimmy Cobb,350892,0.2557410022614801,0.6660329644732683,0.7409744039820811,0.289370376597537,1.388927162208861,2.106671650023909,0.16701915440561574,1.221796659962461,1.605615006588948,0.1552255816906853,3.4105340874965915,1
Rick Braun,355052,1.767830361369433,2.4884446516486487,2.2146216711376865,0.3741250007738087,1.6546305624586284,1.504765464302792,1.7912038572740536,1.8930638297493956,0.25253664028137474,0.3014905282669952,5.129424358472771,0
Ruby Braff,357057,0.45128995798169635,0.0059278209338453625,0.34721869908401326,2.383180042669559,0.9230996655730214,1.504765464302792,0.946593050806568,2.037225779017131,0.49295127804207134,0.29438453867195225,3.8073912720926506,0
Randy Waldman,398909,1.3634029171915012,0.4441242370501619,1.0973090056963521,1.4281589576106928,0.5389295625686167,0.6019061857211168,1.094263512887062,0.08421281174898321,1.3850766368927192,0.2949766985498811,3.0269668020312746,0
Hampton Hawes,558596,0.73381551008878,0.2686156432413311,0.4787009273721745,0.6738768197107508,0.8226857125361134,0.3009530928605584,0.0975363286354693,0.690500889445265,0.6240509765266559,0.04863573776504061,1.7144674182920085,0
George Russell,646353,0.6988902230096399,0.03699754210234335,0.12362981299749837,1.3268356932067022,0.39927271085740546,3.009530928605584,0.45369334095506486,0.23279871641867705,0.8597067340767167,0.20555966873391507,3.538880062005238,0
Mal Waldron,665824,0.7868786882570014,0.08528857551805535,1.490689613123625,0.715288472202804,1.9622547927376013,1.504765464302792,1.24766102973133,2.550202050897522,0.920239184214051,0.03367532022085671,4.287560032854935,0
Manu Dibango,674011,2.5250562142983286,1.760502035038058,1.9178982716182944,0.12359589861803871,1.2037184129657024,2.106671650023909,1.126292020138464,0.43134576104766553,1.0636395983860707,0.476615332390211,4.676427454416908,1
Hugh Masekela,830319,1.3777443101846547,1.0897932375976098,2.02272869190487,0.164641497155177,0.766706144699524,2.106671650023909,0.43191395771521646,1.8978692304610196,1.4525035036402922,0.33109882416799896,4.270611286945641,0
Philly Joe Jones,845443,0.2964028517007855,0.004139265929227698,0.5622099055217702,1.0123531292514902,0.12566623515698422,0.0,0.4956316519495049,0.123010994617752,0.5538074376126857,0.275435227163513,1.44497484558666,0
"Richard ""Groove"" Holmes",848952,1.8223276736740666,1.7444050238994873,1.2089603205637245,0.10101350137604881,0.7983978740776062,3.009530928605584,0.5161298961291922,2.3880198579713197,0.8192438609370376,0.18957119214506823,4.9200058993547096,0
Red Mitchell,883345,0.6405964212139192,0.4995694958500152,0.2249066631481514,0.5181426134038641,0.7556656683420403,0.6019061857211168,0.5878737565232285,1.4849653795653315,0.7778098789196949,0.08416568574025542,2.252798191637912,0
Acker Bilk,926115,1.4819305936520193,0.6658541105825075,0.9125231720657421,0.14799014990621928,0.48197976315988333,3.009530928605584,0.6660233160614929,2.2798983960205184,1.2096296297578009,0.33050664652509604,4.4718701619833086,0
"Eddie ""Lockjaw"" Davis",166025,0.10480176180352768,0.5428525720333958,1.767226745406852,1.234847266149118,0.16755650601913996,3.009530928605584,0.08105463622312997,0.5184049351553809,4.156718028211201,0.15190944729134054,5.622780169512201,0
Elvin Jones,179379,0.18396628279154836,0.20696160627521928,0.6467849611085763,1.4440788216510165,0.6076188053833589,3.009530928605584,0.13263957270599577,0.7311564008076684,0.5438373832316434,0.11993249411364708,3.5873630974375414,0
Dr. Lonnie Smith,273105,0.8000727722200586,1.5204777151825934,1.156367428182388,0.9395871095367455,0.3204484696674095,1.504765464302792,0.8884098828467023,2.462743800473746,1.071926390905104,0.07445416070537202,3.943086807202051,1
Narada Michael Walden,314050,2.0994034971321396,2.133237272524187,2.3066592314724352,0.8203720756197732,0.6704395381676074,1.504765464302792,2.031289558515135,0.1581204372136812,1.2601272913963077,0.004104863714446558,4.837847529405278,0
Al Cohn,504169,0.09999341205678691,0.1994496677438862,1.7064606353164604,2.5111234095614186,0.04164740975313763,1.504765464302792,0.6806283159523321,0.21540245252927437,4.259655569243542,0.1643070896880721,5.496807859930024,0
Gary McFarland,662149,0.4644840419447527,1.0451712334904049,0.13826856614161348,0.9498445710171292,1.2610879681386304,1.2038123714422335,0.8251409464511653,0.21657088512808953,1.1103823024605821,0.05882098359627748,2.68944745673838,0
Bill Charlap,763670,0.6696337696010235,1.1833909024669327,1.617658801049338,1.6251815209024247,1.91441416068618,0.3009530928605584,0.8520448936185013,0.6131459913687024,1.2212829362897641,0.3409287705194837,3.6840338859975392,0
Chico Hamilton,776301,0.14473857609349416,0.5481109290053291,0.3365579780155238,1.217069129950993,0.31319549095059473,0.0,0.39852121279769465,0.30636936332696185,1.0223998381442607,0.2940292391922001,1.8434833244362354,0
Jan Garbarek,809334,0.12752889761783748,0.3210203590699016,0.17739538469636856,1.088624177062247,0.3009000530866175,1.504765464302792,0.2609267401418908,0.6605031917031536,1.025118943001719,0.34057347103973157,2.315589713877457,1
Phil Woods,848572,1.0582179493549093,0.31028901831085437,0.1404007103553115,0.4907395684279302,0.24452213450876678,2.106671650023909,0.64911226355631,0.6035246372907689,1.9095720852976517,5.839150380289395,6.670999185510928,0
Stanley Jordan,11910,0.02771276245902865,0.4011988740139729,0.35787942015250307,0.6638824936264264,0.6733612725669131,3.009530928605584,0.03954568916495434,2.174780306811445,0.9862745878951751,0.05544563853863203,3.993530144876737,0
Steve Cole,25965,1.7405817009146967,1.0316651436079942,0.3738705017552377,0.9040864482293481,1.3437100746921906,0.9028592785816753,0.22565036148450018,2.154958038787131,1.3907414354420606,0.38409765730936984,3.8010887533675324,0
Terry Gibbs,28692,0.41493052816130416,1.302631497773936,0.5950804639264006,1.1239724509738576,1.1462920461979,0.9028592785816753,0.45625562291880845,0.734150139927137,1.0018123299377926,0.2704018237886821,2.727541390246776,0
Sonny Sharrock,36987,0.6601684464394124,1.715788116997252,0.8681035027238215,0.01663029046248505,0.36662784676118587,0.6019061857211168,1.203608841017163,0.6953183024513114,1.1727274924065845,0.31584231780236355,2.8350531666258005,1
Jimmy Raney,74340,0.7682348670400934,0.27487559380599874,1.3906367736624505,0.05315849427849214,0.5028692998600158,2.106671650023909,1.0225006160286942,0.2486444104222434,0.8226427420088601,0.15048824937233185,3.016637231310889,0
The Jazz Crusaders,86750,0.7510251885644367,1.2972658273944124,1.8397196486725829,2.359121972157693,0.8615430491542347,0.3009530928605584,1.0575588421087678,0.05577985501232097,0.7823417235858212,0.2997140308682345,3.7219914945054877,0
Charlie Ventura,101628,0.9489364910344888,0.7231390967853881,1.933000958021868,1.0126234583603833,1.8710318575019245,3.3104840214661424,1.2117891014560225,2.513560887590623,0.3618515795574865,0.11939954489401892,5.345744872008342,0
Chico O'Farrill,111794,1.5512752376824728,2.0457768453379526,1.794411584131501,0.46847727955256957,1.6823111833106414,2.106671650023909,0.18559568807335025,0.7980336913045729,0.3373468123602988,0.16750478500584143,4.25587150580168,0
Eric Darius,113721,2.1191946273791444,1.4609187739698817,1.933000958021868,0.7944466998699062,1.503360139980271,0.6019061857211168,1.6621289691690464,0.7061664891337086,0.5609288994785224,0.463151791554223,4.172024112490871,0
Jack McDuff,118853,0.7768397062779218,0.2804712904746924,0.7896386234263395,0.6725389887194264,0.08623028619403311,2.106671650023909,0.5949200271192475,2.1369377951286643,0.6820904639308734,0.20200667393639343,3.4102741972565296,0
Frank Morgan,173007,1.1489990033139978,0.41706585886337383,0.3618771905531869,0.01827061357724121,1.323577863096539,0.9028592785816753,0.8822157486561567,0.7371815810003874,0.5342234053427737,2.0603627633854154,3.169333599877705,0
Don Lamond,188202,0.9656402393823189,0.09244280090219664,0.8989110143783596,4.382867168931633,0.30449813664758774,0.3009530928605584,1.2041022594082127,1.6449851432525175,0.31306909041870906,0.6267293625854938,5.078238333997586,0
Dick Hyman,211424,1.215180577279341,0.4629040833784945,0.5909247549430874,0.22387691715325025,0.2686336835526439,1.504765464302792,0.23075588510423536,1.304366497620176,0.23780815239978065,0.24775148195448266,2.5098394126166896,0
Charlie Haden,211483,0.03631760169685694,1.3592775775077157,1.2572198217236987,2.042071708151983,1.4538594648819985,2.106671650023909,1.2483016011831216,2.3639928652253475,1.242647331598363,0.06432812553243576,4.779792409690525,0
Hubert Laws,234374,1.736279281295783,0.3341279942699283,1.1680942213577266,1.2002413445854898,0.5492722871243402,0.6019061857211168,0.350862792101271,0.22908631916996292,0.3375738576158967,0.06610462293119655,2.624734829897334,1
Wayman Tisdale,242949,1.6631381477742415,1.0933703529725158,1.570536441693216,0.14267326996949256,1.007491802869084,0.6019061857211168,1.1596016702934493,0.8288483079605513,0.39584039027571216,0.1826050128953078,3.1697725706923587,0
Jonah Jones,261332,0.9704485891290593,0.2804712904746924,0.43250446763193157,0.7794915735365056,1.374329527512367,2.106671650023909,0.006876610461760826,0.8486976063503526,1.062506634791767,0.13730432922690877,3.1638673598087483,0
Jess Stacy,276592,0.6042369913935279,0.6826665426497913,0.8014739960457604,1.6832406886280937,1.7276474126670787,1.504765464302792,1.2252410750396907,2.3081301098841003,0.8668281959425534,0.26684882899116064,4.148151411460181,0
Urbie Green,300013,1.749186540152525,1.3549850412040967,0.5311161375154618,0.7847571485771527,0.8824552013583917,0.0,1.2406147591353114,0.19668375864280052,1.0950387821934973,0.3478192709800569,3.077367542492371,0
Preservation Hall Jazz Band,358532,1.2285937662639101,1.2033665957527493,0.29658027400868675,0.362656523198368,1.1342587203814105,1.504765464302792,0.700312857936785,0.21417779677024518,0.7680335996041012,0.07587535862438068,2.8035367438529004,0
Annette Peacock,489207,1.8911663875766935,0.6480197114720581,1.6078489654329302,0.26250032360323194,0.4217905185734103,0.0,1.7476450869509357,0.30030015967898505,0.939175807328491,0.1541810545151358,3.298287182696448,0
Hank Crawford,666763,0.5660211449511275,1.1792210790448934,1.770424961727399,1.217774882417174,0.8608281981156309,0.9028592785816753,0.10296213605938942,0.831154899148835,0.25334589444239836,0.2810608081812466,2.954505297119735,0
Marcus Roberts,673082,0.5617187253322129,1.196429481489175,1.7593397840495673,0.6767439391046114,2.0955574138682667,2.407624742884467,0.800543051898173,1.8720402133492011,0.8716837403308715,0.18335345124940572,4.519635252138021,0
Marcus Miller,673114,2.428968839940965,0.12754968465827032,0.8802547525085023,1.5054792862087607,0.02058313248229241,2.106671650023909,1.764940481558509,0.729578404110984,1.3169371607396276,0.09630507871012921,4.334381347902685,0
Pat Martino,792583,0.015311433730113122,1.1510895667822005,0.6879373166663443,0.4145258117277188,1.703223335514798,2.106671650023909,1.2732838378385047,2.693763324175292,1.0853276934168612,0.3247248047961673,4.412523221693578,0
Gene Harris,802745,1.7577913793903535,2.0350455045789055,2.399407504768296,0.3531859977725367,0.5605907619022262,1.504765464302792,0.9808825926818602,0.7069449780759495,1.4543490669290258,0.1488515623188537,4.392141667313403,0
Robben Ford,830063,1.9427954230036626,0.776795800580624,1.6025186048986853,0.6959721760730914,0.30384009720385863,2.106671650023909,1.8143284417156902,0.7367846995500048,1.3349026749764041,0.27573131598496436,4.201586065312093,0
Norman Connors,845196,0.30306761806953597,0.9847155277871633,0.15132794945051353,0.9877712564270235,1.262574481810711,1.504765464302792,0.865579961964706,0.24881270508181835,0.9333491540625095,0.24775148195448266,2.768063971937533,1
Mel Lewis,869708,0.10515631559948435,0.06316164010398723,0.9635169562868053,1.3093848607421497,0.6535213969206612,0.9028592785816753,0.502677922545524,2.1639681606163648,0.28416286934439916,0.1053273760492153,2.987880797768492,0
Candy Dulfer,945711,2.6699043386001584,1.2597061347377467,1.1734245818919715,0.8017117488389216,1.3122566289936433,0.6019061857211168,1.4209542999189988,0.8097468496825766,1.1571897503639672,0.44094557406971374,4.126444767375654,0
Paquito D'Rivera,14263,1.4006905510204772,2.137887521974998,0.722120721549117,0.37539314973647747,1.5506594503678588,3.009530928605584,0.8341721672086644,1.7789356223151382,0.8522615627775996,0.29260804127319145,4.830022873759095,0
Gary Peacock,153503,0.2686482611182226,0.10138558665662617,0.3670496125048021,0.05646287694837449,1.326774836591238,0.3009530928605584,0.30217945785066525,1.527853559472483,0.7292544350365153,0.316886844977913,2.2647619871613327,0
Charles Lloyd,206538,0.5296617151307357,0.11748259779519693,0.7647636058230762,0.4791240572508044,0.009939794002141504,2.106671650023909,0.20899553832871806,0.31095613163037494,0.9616731662313938,0.1647002285624179,2.576673332726726,0
Dave Holland,585092,1.3069655320177898,0.5800545515428691,0.76831718128936,3.1788975711560297,0.2875402806597739,0.6019061857211168,0.09881746769563043,1.1746567837665314,1.254300638130326,0.3370204762422101,4.032583546166986,1
James Moody,786080,0.8585856790372917,1.4135220207393133,1.3635407760568259,0.4455089239306359,1.476314942353111,2.407624742884467,0.15228603791836506,0.7358872914158131,0.353759008813986,0.034267480098785566,3.6688062188838044,0
Charlie Hunter,806601,1.3519297924711695,1.2078379859471287,1.9658715164264986,1.5703202940391385,0.6759994898957988,1.504765464302792,1.9462218411338414,2.260676800382121,0.9985753035826102,0.2783960620831056,4.723508640505989,0
Peter Erskine,842492,2.4112532313374815,1.3235064398556684,1.6395843489367454,1.4336910275394161,3.680382166451882,2.407624742884467,0.9414684907225013,2.4024360528980933,1.450788331140563,0.2949766985498811,6.364059080267534,0
Serge Chaloff,1163,0.9656402393823189,0.09244280090219664,0.8989110143783596,4.382867168931633,0.30449813664758774,0.3009530928605584,1.2041022594082127,1.6449851432525175,0.31306909041870906,0.6267293625854938,5.078238333997586,0
Tribal Tech,22020,0.9102147144642618,3.1054967452938613,0.5817545625907886,0.5725757683142627,1.0214313981218495,2.106671650023909,2.413709950393697,2.526175058151549,0.9008170066607792,0.029686426256601228,5.444279428679906,0
Slam Stewart,23290,2.166521243187201,0.8650993355535934,1.9943001041656847,2.061204216414857,0.37014529035932764,2.407624742884467,1.1887285753125916,0.7169425948414718,1.027061160757046,0.09186383521322734,4.753109216664544,0
Steve Kuhn,36645,1.3270434873711094,2.381131244058177,0.5269604285321485,1.9607577871453845,1.0678967156310668,0.0,0.1910595722693539,0.7206043227690674,1.176611927917239,0.20378317133515428,3.8308236408291543,1
Branford Marsalis,45379,1.6760454066309844,2.4025939255762707,2.4740325522477247,1.1316510267785265,0.7431160604256141,1.8057185571633503,2.4390765291514707,0.7380407105329999,0.6044017537177859,3.276375232837145,6.114706242408469,1
"Bernard ""Pretty"" Purdie",47401,0.12236599407514048,3.647429453625744,1.278541263860678,0.4883817045753285,1.5149168984376915,3.3104840214661424,2.4021796873219814,2.205414721030839,0.8619726515542355,0.45352086620632137,6.326861508206854,0
Bob Moses,57205,2.1062873685224015,0.5085122816044447,1.4011395561483104,0.07948636948172802,1.1501045850704517,0.0,1.8591042966441849,0.7318489548119508,3.838194316337543,0.19134768954382902,5.171798830329378,1
Bobby Hackett,77698,0.3719063319721624,1.1172858433912018,0.9160767475320257,2.5601932647693735,0.8600565354821533,3.009530928605584,1.27712725886241,0.7347682342846223,0.7842839413411482,0.06269143847895743,4.622485446266886,0
The Headhunters,80443,1.3318518371178503,2.858675907835776,2.2874699335491533,0.9136396790223105,1.6335821708458467,0.6019061857211168,1.6515595613533074,0.09757241852123233,1.5971020719455735,1.4465829121135778,5.140476796830278,0
Collin Walcott,89828,1.3700676835602512,1.640492362098547,1.999630464699929,2.487577952428722,4.727400654326248,1.2038123714422335,1.3078746270536512,0.054323833740911875,1.5116444907111777,0.1603987954107985,6.525077152297641,0
The Last Poets,90018,2.3128035102302826,2.7459968298657804,0.28325437267307485,2.363257240514222,1.76392334355119,3.009530928605584,2.446763371199281,0.738109187458902,1.2339073516993908,3.31190518081236,7.053097043833255,0
Booker Ervin,97426,0.1443840222975385,0.038786097106961015,0.5391116783168295,3.3803678454861292,0.26410905296649856,2.106671650023909,0.060383257456578986,0.7390703872556447,1.278578360071916,0.3459029632360138,4.307201059912338,0
Christian McBride,103600,0.21752515581907905,1.2361354422976494,1.6362084557085104,1.378278431561925,1.9156532358197587,3.009530928605584,1.094564760226916,0.8466909801380078,1.2373062327712134,0.18779469474630744,4.728671324157206,1
Claus Ogerman,123345,2.9791726210341527,1.4719566554777113,2.013064945479624,1.7837552781474624,1.7345576393735778,0.6019061857211168,1.2809706798863156,0.9980583959135558,0.8425504740009637,0.21799515052524027,5.0041722752673845,0
Jacky Terrasson,130686,0.8279628115770652,1.015338106180254,1.823304110460506,2.0001125185610666,1.9401964548118074,1.504765464302792,1.8437306125485642,1.762116727032553,0.017107927986911797,0.1647002285624179,4.647775813977156,0
"Eddie ""Cleanhead"" Vinson",137137,1.1769647308369398,0.612912827715985,1.1041298949467877,2.1972821138003766,0.6211148165039765,1.504765464302792,1.184885154288687,0.7387449416551729,0.8666011506869558,0.5991936529047024,3.676668308145618,0
Frankie Carle,138560,2.781767248691927,0.4197486940531356,1.72778207745344,1.2259481686458666,0.3523308259891189,3.009530928605584,1.098408181250821,0.7372784542262468,0.5317956331486147,0.36899742941990354,4.873710802116292,0
Curtis Stigers,141774,0.6219525999970114,2.2523551549496106,0.1378441095322716,1.0462715194440553,2.345216379775476,3.3104840214661424,1.3902069317277579,0.7390213721928937,1.131455365105882,0.31747900485584185,5.185823971104919,0
Eddie Safranski,145543,0.9656402393823189,0.09244280090219664,0.8989110143783596,4.382867168931633,0.30449813664758774,0.3009530928605584,1.2041022594082127,1.6449851432525175,0.31306909041870906,0.6267293625854938,5.078238333997586,0
Frank Foster,161637,0.8327711613238066,2.697705796450068,2.7192291368229893,3.1602061581845167,1.9690855916303498,0.9028592785816753,1.943659559170098,0.739079865903809,1.3125671707901416,0.9313986664729615,6.079397582003989,0
Charlie Barnet,166767,0.8881966862418633,0.9563157320054945,1.7588067479961431,1.4614248939838708,0.30777177791617727,1.504765464302792,1.242536469647264,0.6994485567140273,1.1482227252093966,0.2979375334694737,3.568185387918464,0
Eddie Henderson,169948,1.7276744420579537,1.6084747094067802,2.900461394987316,1.4543122324106412,1.1939487821047898,3.009530928605584,1.0673595657197261,0.1516331494966331,1.3349026749764041,0.45249280716165846,5.4526602950273215,1
Erskine Hawkins,170690,0.9876582676047161,0.8221739725174046,1.8557107302753169,1.9828676886249612,0.1630767728438922,3.009530928605584,0.9004719985197063,0.3745579653306006,0.5512178107018866,0.0598868820355339,4.401057478239202,0
Ruth Cameron,176083,0.6606743765672394,0.6987635537883621,0.6335676392170466,0.6670804344888085,0.5489148616050389,0.0,1.092643049714963,0.7387748552596459,1.01735007198041,0.14515875717604976,2.2064002980839486,0
John Taylor,189831,0.759124097674438,0.7524202575835981,1.187925134778515,0.9635937207691828,2.010966707633538,1.504765464302792,0.3162720028861247,1.8882584326418215,1.2436184404760267,0.40275087999635767,3.8941923181948566,0
Warne Marsh,193802,1.3662711940691636,1.0421664580778718,1.1094602554810327,0.34832092622906746,1.5915874316529093,1.504765464302792,0.5660943694399587,0.8611045441092071,1.3271338039550955,0.274843067285584,3.4642883539932394,0
The Flying Luttenbachers,196254,1.086107988711916,1.238243453219653,1.294532345463413,1.65997291200869,1.0762366444147724,0.3009530928605584,2.496151331356462,1.8594260427882738,1.7600213181374593,1.855177313828549,4.9619204081884085,0
"Johnny ""Hammond"" Smith",200322,1.8395373521497234,1.3777508830872656,2.2235056071382147,0.4666998750486412,0.10523065031189592,0.6019061857211168,1.4978227203971015,0.6533167329483519,1.361122614673321,0.32103199965336343,3.9297910431200176,0
Johnny Mandel,202554,1.1683598915991116,0.4465770459507536,0.38453122282372754,0.08979697191734054,0.02612046870645937,3.3104840214661424,0.30089831879050455,0.7390930927626543,1.0464833383103178,0.4187393565852044,3.81938199335474,0
Charles Earland,204850,1.8825615483388651,2.858675907835776,2.889800673918826,0.05748674182499216,1.4467677660908393,3.009530928605584,2.128143768317545,0.6504334939629971,1.8765543834570895,0.06876936902933763,6.300712434154693,0
John Abercrombie,214546,0.7763337761500952,0.24160843745295263,0.16769412852404292,0.8662625269949628,1.4046538850581352,2.708577835745025,0.5446543064686267,1.2899863431807193,1.3120816163513098,0.3476794606347745,3.8147345306085345,0
John Handy,221660,2.8721180606891252,2.4508849589919834,1.8717018118780522,1.0149943455514603,1.743669230790762,2.106671650023909,1.7899227182138924,2.2342471108843855,1.387342554370238,0.0022905269210921064,6.032266270450374,0
Lizz Wright,225607,1.0651018207451712,0.49486807936646576,1.42246099828529,0.3746763698880129,0.1845223040019925,2.106671650023909,0.8351338411133188,0.7359647784635447,1.0756166046402256,0.23220712971532614,3.234994871556123,0
Lenny White,246487,2.89793257840261,1.866026887623912,2.900461394987316,0.3256175420623424,1.4076892426471899,0.6019061857211168,2.312627977464991,0.7317047928626831,0.8619726515542355,0.07335042287152196,5.419840396607814,1
Marion Meadows,281953,2.407456741846394,1.463601609159643,0.9815316026591552,0.7493316829895531,1.6285782135756233,2.708577835745025,1.1980358805325009,0.6922404592506405,0.9882168056505023,0.4293983409777688,4.746259895648436,0
Louis Jordan,287604,2.2439647963276554,0.21048754925171592,0.8749243919742579,0.19747935992135954,0.08944711586774828,3.009530928605584,1.1672885123412595,0.7390930927626543,0.7551506750112407,0.4020024416422598,4.194058962086077,0
Nicholas Payton,335431,1.2065757380415125,0.8168083021378811,1.873409499482408,2.5400261785279867,0.5405749328213332,0.6019061857211168,1.169511470193066,2.518966960688163,1.3815159011042566,0.3832094086099894,4.744185549979803,0
Michael White,399249,0.16159370077319474,0.22949742186921857,1.2587103504398898,2.223637557459322,0.06871643574825093,2.407624742884467,0.5430338432965283,0.9079571776212212,1.472800135604634,0.5512282231381622,4.000167616474862,0
The RH Factor,411487,1.9815171995738907,0.43071006110135296,0.529625608799271,0.20518550418173861,0.5856105482533435,1.2038123714422335,0.9040141722037575,0.035762982772690965,0.10428068172103716,1.068188966177539,2.863049532919758,0
Mike Stern,413405,1.374876033306992,2.5635640369619783,1.4399426086042155,0.3800928105456863,0.7964916046413301,0.3009530928605584,1.3902069317277579,1.8450098478615007,1.0464833383103178,0.22865413491780467,4.229558880325653,0
Mingus Big Band,418519,0.5870273129178714,2.010899987871049,0.9335583578509512,0.13142534003973366,1.161065634329036,2.407624742884467,2.274578109328331,0.7369342675723701,1.672621519147736,1.2511681982498957,4.743597396639465,0
Milt Hinton,494537,1.4867389433987608,0.9455843912464472,0.8947553053950461,0.5008847601292816,0.08402340283332993,0.6019061857211168,0.9389062087587577,1.5026252183506292,1.1482227252093966,0.30859651786203823,3.013041780008311,0
Brian Culbertson,521564,1.3834808725448204,1.1201987048701338,1.3653175611247876,2.3973318517720217,0.4402575037373302,1.8057185571633503,0.6275891058224414,2.598256032785417,1.4271580183544452,0.35478545022981756,4.85201586078494,0
The Brecker Brothers,521674,1.9169809052901776,3.008914678462437,2.2981306546176437,0.976012549177246,2.651768333496544,0.0,0.9943345662655282,2.0972932590800375,0.5123734555953432,1.1445783543242511,5.740574016710614,0
Alec Wilder,568622,3.0084290744427684,0.8141254669481193,2.0362520138035896,1.8672325620379304,0.8109700974980572,0.6019061857211168,1.1349206809779195,2.470312302810302,1.1071776431642921,0.2606310880954981,5.201014108317466,0
Monty Alexander,589256,0.6606743765672394,0.30998247756207215,0.1553257198511973,1.1576756489689504,0.8462360820691553,1.504765464302792,0.6330529900184451,1.113387955327744,1.1338831373000409,0.14515875717604976,2.7972315288412615,0
Mulgrew Miller,608135,0.32508564629193354,0.39560317734527956,0.8334561592512297,0.12784144079740853,0.5064435550530326,0.9028592785816753,1.044600286916149,2.3964293038105877,0.3472849463925326,0.35922669372671945,3.021345548786097,0
Albert Ayler,614339,1.025874114047117,2.1450417473591386,1.6957999142479707,1.4837553431091282,0.9680558539061329,3.009530928605584,1.1596016702934493,1.960339407275689,1.313311234412207,0.8248088225473168,5.32146598479403,0
Brian Blade,623443,0.5229969487619858,1.052897798836919,1.5717110932441472,0.021083356949061362,0.27292554910927325,2.708577835745025,0.9773404189978092,0.7390878308515062,1.2610984002739714,0.07054586642809842,3.789526765994138,0
Buddy Tate,631071,0.2046178969623365,1.4977118732994243,0.2071387964774552,0.8334706098170659,2.105565328408715,3.009530928605584,1.1733548912169711,0.9692260060600085,1.01735007198041,0.15404124416985332,4.45961449740609,0
Woody Shaw,680003,0.1529888615353664,0.11681834389922313,0.1979686041251565,0.019387136033504317,0.29633416129852375,1.504765464302792,0.002731942098001823,2.31353618298164,0.415262567828984,0.32991448664716705,2.8394535189735812,1
Pete Brown,720786,1.1549467026145424,0.04415176748648464,0.14317447006651646,3.974247518395133,0.20388009363915782,2.708577835745025,0.817537199165892,0.7390930927626543,0.7842839413411482,0.16292373116365705,5.136655101355743,0
Gary Bartz,737969,2.923747096116095,2.6279520815162614,2.516675436521684,0.20364167066196665,1.660269942953705,3.3104840214661424,0.27177141377136194,0.7370568052292478,1.4164758207001458,1.8729422878161566,6.4557558927726575,1
Slide Hampton,748827,0.032521112205769365,1.4617618817566163,1.2305680190524741,1.9838471296920528,1.5034224702251633,2.106671650023909,1.0964864707388682,0.09757241852123233,1.3222782595667775,0.16292373116365705,4.156063517976952,0
Bob Berg,759694,1.0602934709984304,0.8007112909993104,1.1399518899703112,1.9156427702650316,0.2569605425804652,0.0,0.28168121367097887,0.6969257226018418,1.2154562830237825,0.30504352306451665,2.989314698588851,1
Blue Mitchell,761064,1.5039486218744174,1.8552955468648653,1.7970767643986236,0.03234431021729559,1.3373955571845277,0.0,0.17568588817373332,0.5223239633300292,1.1338831373000409,0.45249280716165846,3.537975341199389,1
Bobby Watson,765494,1.8868639679577788,0.6748480633696761,1.794411584131501,0.08982454037305088,0.5394458446685538,0.9028592785816753,0.7332831839798327,0.7382596564934504,0.2356074254612196,4.395568594056414,5.367408992435912,0
Kenny Garrett,767404,0.8279628115770652,1.0421664580778718,1.9208497082371876,0.22962417927944595,0.4826151870995875,0.3009530928605584,0.7736391047308365,1.549477851862643,1.3193649329337866,0.37787991641370716,3.2742068546793335,1
Barry Harris,786228,2.364432545657252,3.4113399569267058,1.8237285670698482,0.9066503146103967,2.3005381898627673,2.407624742884467,2.4817385025168175,0.7280286631563556,1.6679930200150157,0.24108961670912998,6.480300282929771,0
Bennie Maupin,790496,1.63681769993293,0.3260794887006429,1.481094964161984,1.6466849163563761,0.9791983752493774,0.0,0.919689103639232,2.598256032785417,1.0756166046402256,0.29438453867195225,4.182095022416759,0
Eddie Gale,795271,1.1425453738856264,1.935780602557719,1.21606746616593,0.4137814634235439,0.6871193957350188,0.6019061857211168,0.8636582514527534,0.739083722235952,1.3145093885454688,0.13730432922690877,3.2520844869016146,1
Toshiko Akiyoshi,797470,0.6042369913935279,0.0012264044502958704,2.889800673918826,1.8746339315067386,1.3695070423268039,0.0,1.065739102547627,2.6126722277121908,0.9493724505439587,0.34057347103973157,4.804686050112171,1
Turtle Island String Quartet,807181,0.5832308234267842,0.022689085968390255,1.290692513645359,1.2451909507315817,0.07991576868637014,0.6019061857211168,1.0042443661651452,0.8647085928409006,0.6335350200476937,0.28017255948186626,2.4823032097824016,0
Russell Malone,808613,1.4609244256852756,0.5914501461978905,0.5109693469294139,0.9623385951449885,0.7230434197498458,2.106671650023909,1.169511470193066,2.4360738398592146,1.437840216008745,0.17358271555622157,4.2463966140879945,0
The Delta Rhythm Boys,816895,2.5881583658407883,1.101188832252631,0.5977456441935234,0.027216577455199266,0.5807880630677807,3.009530928605584,1.108016733810584,0.7390930927626543,0.9008170066607792,0.23043063231656546,4.505811979055354,0
Michal Urbaniak,889276,0.03631760169685694,1.662131413202016,0.5855943944088424,0.7817521869047405,0.7895813779348315,0.9028592785816753,0.1394746357864885,0.5787129242022989,3.614839274474918,0.1700297207587001,4.313581530194604,1
Tom Scott,934350,1.099015247568658,0.7365532727341974,0.6535564912204648,0.3321933796386036,0.33469783370356976,0.6019061857211168,0.3409529922016541,0.783797698814384,1.2703239346117754,0.24819560630417292,2.2733365778840158,0
N'Dea Davenport,935117,2.768859989835185,1.635303061304398,1.152103139754992,1.1844170510078387,0.7328698622056329,1.8057185571633503,2.1415957419012126,0.7373919817612952,1.318393824056123,0.5654402023282483,4.90477002904316,0
Matthew Halsall,1072783,0.5095837597774162,1.527223060386804,1.3584966718743514,0.16714103530167065,1.0061244310367707,1.8057185571633503,1.2386930486233585,1.3476511228878136,1.143594226076677,0.3476794606347745,3.676636217384921,1
James Mason,1913210,1.202779248550425,2.5957580592391207,2.4740325522477247,0.10687639111918501,1.298793601099947,2.708577835745025,1.505509562444912,0.7309839831163444,1.742768403595112,0.3014905282669952,5.410100834489656,0
Stanton Moore,13038,1.7706986382470955,1.7050567762382047,2.889800673918826,0.7129413214520961,1.3800483358211941,2.407624742884467,1.8206700864051335,2.407241450005668,1.4077358408011735,0.2606310880954981,5.810534878646521,0
Soulive,46429,1.7706986382470955,0.7499674486830061,1.0173535976826786,0.3558877064321353,1.253519701988402,3.009530928605584,2.5105641601961066,0.6367381087825624,0.5706399882551584,0.27129007248806253,4.7534906562074895,0
Bill Frisell,74397,3.237317798169003,1.6090495336745387,1.8654139586810405,1.668739680924532,4.515089895861054,2.407624742884467,1.2540667327189792,2.6595248612242046,1.5543732813283755,0.24108961670912998,7.52571447218966,1
Chuck Rainey,107247,2.7860696683108417,0.7685172687221689,1.551880179823359,1.1820591871552377,1.4021519064230226,1.2038123714422335,0.973496997973904,1.0413069806938762,1.027061160757046,0.4020024416422598,4.338441012843622,0
Carl Allen,145489,0.019107923221200696,0.48950240898694225,1.5450592905729228,0.33326854941130085,0.4897636974856212,1.504765464302792,0.6583364740136826,2.162166136250518,0.2501740586261737,0.3867624034075109,3.250074302311219,0
James Spaulding,174506,0.35950500324324697,0.8304525043758599,0.17131680145393202,1.6364976110820795,0.5982395832686698,0.0,0.021949047217527544,0.7390930927626543,1.2445895493536903,0.39386839300255394,2.4769205687139735,0
Donald Harrison,184406,1.6674405673931563,0.5514376446406337,1.5465498192891136,0.07930793540899073,0.09611905889471253,0.9028592785816753,0.6983911474248324,0.7379938578994879,0.017107927986911797,0.24286611410789066,2.720037338707263,0
Johnny Guarnieri,210757,0.9914547570958041,0.5055994201255132,0.745505210436189,2.178756111563126,1.1486180713983705,0.0,0.785169367802552,0.739080190268195,1.1047498709701333,1.5709377300268301,3.5653528700839634,0
Jay McShann,225389,0.2046178969623365,1.4977118732994243,0.2071387964774552,0.8334706098170659,2.105565328408715,3.009530928605584,1.1733548912169711,0.9692260060600085,1.01735007198041,0.15404124416985332,4.45961449740609,0
Robert Glasper,288985,3.087239041634834,0.6426540410925345,0.1926382435909113,1.4142828347194383,1.1064986717156475,1.504765464302792,2.028214821696011,0.7336509791777973,0.08508554942336294,4.6620432038705255,6.470223988931266,0
Pete Johnson,315909,1.3404566763556787,0.532427772023131,0.38304069410753644,2.04736485164834,0.4859511586130696,2.106671650023909,1.192571996336497,0.7390930927626543,0.9008170066607792,15.054552986620882,15.508464265844243,0
Miroslav Vitous,499683,2.0670596618243477,0.19439053811314494,1.0440054003539032,0.9794731512582545,1.515098370522352,0.6019061857211168,0.519973317153097,2.7676463231750064,0.9687946280972306,0.28194905688062705,4.238625851436202,0
Fred Anderson,559501,1.3098338088954529,0.0012264044502958704,0.3350674492993327,0.14305922834943555,0.37568262658349494,0.6019061857211168,1.1733548912169711,2.2306430621526925,0.31815168006262484,0.26773707769054106,2.9794738709183255,0
Jimmy McPartland,765773,1.3834808725448204,0.8358181747553834,2.713898776288745,4.749637903700057,0.7688506978153341,2.106671650023909,1.2925009429580305,1.9062786763002881,1.1338831373000409,1.5709377300268301,6.828184851528261,0
Poncho Sanchez,852665,2.562343848127304,0.6211913595744402,1.9196750566862562,0.300572360939011,0.560352478222692,2.106671650023909,1.4632319311819553,2.1297296976652773,1.143594226076677,0.029686426256601228,4.844019654883958,0
Toninho Horta,937242,0.6816805445339833,2.1396760769796157,0.8802547525085023,0.028857661459335656,0.5124574586362682,1.2038123714422335,1.0481424606002003,0.5776317095827909,0.012025338342995961,0.28905504647567,3.007709857011967,0
Marc Johnson,955700,3.237317798169003,1.6090495336745387,1.8654139586810405,1.668739680924532,4.515089895861054,2.407624742884467,1.2540667327189792,2.6595248612242046,1.5543732813283755,0.24108961670912998,7.52571447218966,0
